Rooms;DistMetro;Area;Price
3;12;56;9396
2;4;54;9785
1;2;31;5783
2;8;48;9123
1;11;31;5662
3;19;65;11318
3;13;69;11301
2;12;52;7908
3;3;68;13279
2;5;46;8047
3;18;63;11653
1;14;25;4206
3;5;61;11840
1;11;24;4703
3;11;71;11234
2;0;49;10305
2;9;57;9270
3;7;67;12988
1;2;30;6488
2;14;45;7880
2;9;38;5941
3;11;79;14133
1;12;27;4930
3;15;64;12458
3;7;55;11784
1;3;35;7084
2;11;50;9371
3;19;78;12205
3;15;63;12919
3;6;80;13235
1;10;32;6194
1;3;27;5605
2;2;50;10642
2;0;57;10390
1;2;26;5015
3;8;69;12783
3;17;79;14265
1;4;26;4058
1;18;23;4453
1;13;27;4709
1;1;30;6979
1;1;22;4655
2;8;53;10317
3;0;55;11808
1;3;31;6789
2;8;39;7048
2;4;38;7342
1;19;31;5575
1;15;25;4852
3;13;57;10761
2;6;58;12214
2;12;55;10263
3;11;61;9948
3;17;64;10136
1;5;35;7232
2;3;53;9211
3;13;63;8825
1;3;24;5517
2;6;58;10317
1;4;30;6427
2;13;48;7949
2;0;42;9171
2;1;52;9785
3;16;78;13808
3;2;80;15004
2;9;49;9249
2;1;38;6335
2;14;40;6998
2;7;49;10306
2;0;47;9034
3;17;52;8707
3;13;62;11259
3;15;66;11986
1;5;33;6979
2;15;42;8025
3;18;69;9388
1;10;22;4136
2;14;58;10843
1;6;32;6683
2;4;42;9648
2;12;52;9828
3;13;70;10597
2;13;42;6262
2;17;54;8362
3;8;60;10336
2;3;51;8623
3;13;71;11421
1;0;24;5432
1;14;22;4230
1;12;30;4836
1;8;24;5303
1;16;24;3947
2;1;45;8245
1;17;25;4436
2;10;44;9030
3;19;74;12232
1;18;26;4238
1;6;28;5143
1;1;22;5301
1;13;30;5543
1;19;27;4277
3;10;69;12337
1;11;34;7443
1;3;31;6156
3;3;64;11434
2;4;48;9454
1;9;31;5704
3;13;55;9983
3;16;78;14215
2;10;56;9661
1;10;27;5746
3;1;71;12828
3;14;52;7201
1;3;25;4978
3;11;77;10765
2;17;56;9473
1;16;23;3586
2;15;53;9082
3;3;54;11184
2;13;48;8001
2;1;43;8945
1;17;24;4033
3;5;69;12054
3;7;62;11252
2;8;49;9072
1;16;30;5439
1;0;28;5495
3;2;69;13338
3;16;71;11191
1;18;23;2825
3;12;72;11424
3;2;78;14728
2;19;46;6569
1;10;27;5182
2;10;58;9535
2;0;53;9602
3;2;73;10889
1;9;25;5056
1;19;27;4179
3;14;56;7614
1;0;34;6477
3;14;54;9044
1;9;26;4938
1;12;22;4166
1;13;25;3954
1;4;35;7339
1;5;32;6240
2;8;39;8008
1;18;27;4361
3;15;65;11607
1;4;31;6289
1;14;24;4142
2;16;52;7034
3;8;58;11267
3;8;54;10902
3;12;59;10097
3;16;82;13701
3;13;78;11796
2;8;55;10296
1;15;24;3342
3;18;62;12511
1;1;30;6807
2;5;36;5941
2;15;46;7599
1;3;35;7331
3;10;58;8889
1;9;27;4562
1;3;27;6059
3;3;54;9282
3;12;82;14422
3;14;63;8751
1;0;27;5521
2;3;56;9560
2;0;43;7731
3;0;82;16757
2;1;45;9588
3;14;79;11701
2;17;55;10877
1;3;30;7240
2;17;51;7695
3;15;75;14752
1;0;33;7221
1;19;32;6005
1;10;27;5232
1;15;28;5355
2;7;41;7939
3;12;56;10426
3;9;76;13127
2;14;57;10704
3;10;79;14064
2;1;57;9991
3;7;79;13404
3;9;57;10549
3;17;58;8949
3;7;75;13653
1;18;27;5097
3;12;54;8890
2;3;57;10420
1;7;23;4770
3;6;69;12523
2;15;43;7154
2;6;52;9526
2;13;42;7021
3;13;79;15156
1;3;32;7041
3;3;64;11565
3;7;54;9424
2;6;44;9579
1;13;21;3451
2;1;37;7205
3;3;80;14002
2;0;54;10004
1;7;27;6291
3;16;77;12327
2;4;48;9125
1;9;25;5285
2;8;41;6935
2;3;51;9378
3;5;67;13517
1;18;26;4076
3;12;83;13896
2;17;54;8430
1;6;31;6897
2;13;45;8089
3;5;73;14225
2;9;42;6589
3;11;59;9662
2;15;45;7289
1;11;32;4825
1;16;27;4738
2;16;41;5575
2;9;43;6984
1;14;28;4843
1;2;25;5376
3;13;62;11718
3;13;70;11427
3;13;71;11878
1;17;23;3472
1;2;29;6343
2;8;42;7870
3;14;81;15144
2;2;47;8324
2;1;54;11884
2;0;40;7236
3;16;67;13945
3;1;79;13496
2;16;58;10398
2;14;49;9403
2;6;40;7481
2;5;42;8432
2;18;53;8519
2;15;45;6387
1;1;23;5015
3;15;58;8942
3;3;54;10087
2;9;39;7580
3;11;74;11562
2;3;56;9941
2;16;44;8656
2;11;42;7849
1;9;31;6569
2;5;50;10250
1;10;28;4932
1;16;27;3975
1;7;25;4562
3;17;55;7669
1;15;30;5748
3;17;73;11615
1;11;29;5366
3;3;55;8917
1;9;27;5334
2;9;57;8250
2;1;58;10453
3;9;66;10652
3;15;54;8744
2;2;42;7823
3;10;56;9934
1;10;25;4569
1;16;23;4067
1;6;23;4635
3;11;58;11935
2;5;45;7384
2;10;38;6627
2;8;39;6494
3;5;74;14029
1;3;32;6039
2;16;51;6915
2;2;57;11059
2;13;42;7006
2;9;41;7855
1;8;22;4878
3;12;64;11475
1;19;29;5067
1;17;27;3888
1;12;31;6533
1;8;34;6509
1;18;35;5192
1;16;26;5420
3;19;70;11111
1;0;35;8341
2;6;56;9676
1;9;30;4708
3;6;55;11092
3;6;56;10491
3;14;75;12506
2;10;55;8528
1;2;27;5429
1;5;29;5430
2;8;42;8479
2;2;56;10725
3;5;81;17142
3;7;77;16213
2;6;47;10136
2;1;52;9757
2;14;43;7205
1;16;32;4792
1;18;32;4691
3;14;60;9451
1;11;34;5966
1;11;23;4436
2;11;41;7599
1;19;30;5012
2;8;54;9299
1;3;24;5436
1;3;22;4495
2;2;40;9083
1;17;27;4661
3;18;59;10937
2;0;53;10797
3;16;59;10533
3;5;75;13812
1;12;29;5956
2;1;47;9466
1;1;33;6585
1;1;22;4914
1;19;28;4215
3;2;65;11601
2;0;51;8494
1;4;33;6992
2;15;48;8412
1;6;27;5053
1;17;33;5270
2;18;39;6396
1;14;25;3921
2;4;51;9645
2;3;55;10500
2;8;40;6872
3;19;56;8554
2;14;38;7452
2;11;40;7949
3;1;63;11306
2;11;57;9130
2;14;42;7635
3;14;62;9440
2;9;55;9888
3;14;67;9710
1;9;26;5309
1;19;25;3370
2;5;57;8624
3;3;67;11446
2;19;58;10683
3;2;77;14760
1;9;26;5313
3;18;60;10402
2;11;40;7157
3;4;81;16374
1;14;25;3572
1;10;22;5173
2;16;38;7155
2;19;48;8116
3;10;55;10087
1;17;30;4948
3;6;80;14631
1;1;32;7692
1;10;33;6571
1;2;23;5531
3;7;80;14216
3;18;74;12979
1;11;28;5082
2;11;40;6445
2;17;54;9214
1;13;28;4814
3;9;70;12556
3;16;65;10320
3;17;71;13438
3;12;80;14550
3;10;59;10052
3;11;62;9138
3;2;57;13018
2;7;55;9784
1;12;33;5709
3;16;71;14010
3;7;74;13554
2;12;54;9201
1;8;29;5740
2;13;44;8454
1;12;26;5029
2;16;50;9308
1;17;31;5461
3;1;77;15449
3;8;77;17006
3;11;80;11523
3;17;67;11671
2;8;47;6718
2;6;55;9858
3;14;75;12306
1;19;31;4404
3;4;53;9531
3;12;56;9969
2;6;43;8393
3;12;71;11780
3;14;77;13203
3;0;57;11129
2;6;38;5784
3;1;61;9540
1;5;29;5396
3;18;60;10115
2;12;46;10335
3;16;76;14881
3;3;80;16367
3;5;64;10139
3;18;76;14842
2;1;57;9865
3;4;55;9612
2;4;40;7368
2;17;40;6953
2;0;45;8936
1;6;28;4656
2;14;57;10549
2;17;59;8619
2;19;48;9062
1;18;29;4470
1;11;24;4584
1;1;27;5752
1;12;26;4365
3;15;77;12207
1;7;28;6238
3;18;72;12167
3;19;74;8520
3;13;61;12744
1;6;25;5799
2;3;50;10445
1;18;24;3470
1;0;31;6177
1;9;28;5942
2;18;53;6919
2;14;54;9246
3;4;66;12027
1;2;28;6316
2;2;41;6514
1;0;31;6057
1;17;27;4261
2;10;39;7156
1;7;23;5108
2;9;38;5744
1;9;24;4823
3;7;74;11741
3;18;59;9572
1;13;30;5468
1;4;24;5011
3;9;70;9898
1;12;30;4907
2;11;51;8375
3;6;74;10874
2;8;54;9578
2;4;55;8684
3;3;68;10230
2;15;48;8375
1;6;33;6803
2;17;52;9601
2;0;38;7468
1;10;28;5428
2;14;53;8885
1;5;26;5821
3;3;71;14482
1;1;22;4884
1;7;32;6547
1;18;24;3646
3;18;67;11475
3;17;66;10056
1;15;27;3835
2;0;37;7530
2;17;44;7268
2;8;45;9351
3;14;83;12335
2;17;56;9382
3;13;58;9744
1;1;34;7126
3;6;73;11217
2;10;50;8003
1;7;30;5366
1;6;22;4676
3;7;62;14021
1;11;29;4573
2;2;37;7278
3;17;79;14581
2;10;38;7145
3;10;59;11373
3;15;64;10639
2;2;48;8391
2;12;55;7841
2;17;53;9370
1;19;27;4573
3;2;68;10715
1;16;29;5143
1;0;29;5448
1;16;29;4839
2;0;49;10226
3;18;56;8908
1;18;23;4152
3;10;66;11443
3;0;56;10795
1;0;30;6470
3;15;63;11430
2;4;50;10096
2;4;48;8564
2;3;51;8790
2;10;43;8672
2;9;45;8484
3;18;75;11522
3;5;75;12520
1;0;26;6303
1;19;26;4491
3;17;59;9656
1;6;31;5409
1;2;33;7203
3;3;79;12993
2;12;59;9445
1;13;28;4805
1;17;27;4682
1;12;25;4437
1;0;26;6389
2;15;53;10324
1;1;33;7069
3;5;61;10174
2;13;55;7865
3;14;60;9843
3;4;66;13054
3;1;54;10933
3;11;80;15727
1;7;32;6337
1;14;32;6035
3;15;76;16998
3;5;71;11809
3;17;64;10600
3;10;68;13967
1;5;22;5178
3;12;70;11322
1;7;24;4656
2;17;45;8753
3;12;67;12097
2;1;49;8856
2;6;56;11344
3;15;70;10555
3;12;54;9777
1;3;29;5832
2;9;42;7981
1;9;29;5799
2;12;43;8256
3;6;74;13908
1;1;31;6334
2;4;36;7369
3;13;73;11523
1;1;24;5316
2;11;53;10650
3;1;53;9947
2;4;44;9144
2;12;44;7871
3;4;58;10217
3;16;73;9522
2;4;46;8447
3;7;61;10452
2;16;58;10412
2;4;53;9823
3;16;66;12250
2;14;45;8509
3;13;57;11127
2;18;50;7623
2;4;42;8434
3;4;80;12364
3;8;65;12118
3;0;75;11798
1;18;31;5636
1;13;26;5373
1;11;21;4294
2;8;52;10379
1;0;31;5911
2;2;55;10344
1;17;27;5157
1;16;26;4126
2;4;47;9294
2;18;41;7148
3;9;56;12332
1;8;25;5352
3;3;71;13776
1;18;27;5227
1;7;29;5432
2;17;41;6640
1;4;30;5882
1;16;26;4914
1;0;28;6018
2;14;44;6675
2;12;42;7549
2;12;47;9993
3;9;70;10218
3;19;55;9035
3;2;81;15558
1;6;24;4754
3;16;71;13427
2;0;44;8799
2;8;36;6764
1;2;28;6199
3;18;61;10379
2;18;53;9712
3;8;59;10276
1;5;25;4631
1;10;22;3899
2;15;58;9097
2;8;57;9863
2;10;47;9011
2;4;53;9175
3;0;62;13319
3;2;71;12193
3;13;75;13361
3;18;61;10636
2;13;53;8821
2;13;46;8746
1;19;32;3811
1;10;27;5365
1;15;32;5767
2;0;39;6254
1;10;28;4727
2;14;55;10177
1;0;32;6921
1;0;26;5803
3;14;82;11477
2;15;43;6304
1;9;34;6577
1;5;30;5092
3;12;83;11748
3;10;76;14527
3;3;75;13039
1;15;32;6119
3;2;53;9621
2;12;57;10893
1;9;28;5626
2;10;52;8030
3;5;69;14270
3;13;75;13540
3;13;83;12681
3;12;54;10295
1;15;30;5821
1;0;25;5168
1;6;23;5209
3;8;57;8916
1;19;27;3785
2;18;47;10060
2;9;46;9352
1;9;35;5894
3;15;75;14475
1;13;25;4807
2;7;48;9037
2;12;41;7302
1;5;32;6183
1;6;35;6251
2;6;43;7778
2;10;55;10135
2;3;47;8696
2;11;57;9431
2;5;55;8463
3;18;74;10166
2;14;41;8059
2;1;49;10649
2;12;58;9968
2;7;42;7258
1;16;25;4344
3;16;72;11799
3;0;60;12593
3;19;63;9989
1;6;28;5639
2;12;49;10519
3;16;75;13899
1;0;27;5824
3;15;57;10249
1;0;28;5964
2;11;55;9936
3;13;70;10341
1;4;27;5637
3;19;81;13355
3;13;65;10111
1;12;23;5113
1;2;22;4915
3;19;79;12959
3;6;72;10489
2;18;45;6816
2;7;49;8705
2;5;48;9278
3;4;80;15984
1;3;27;6173
2;1;37;6961
2;15;44;7063
3;14;67;10475
1;9;32;6928
2;8;49;9814
1;6;25;4655
3;10;60;10649
2;19;44;8942
1;16;27;4587
2;2;48;9194
1;10;23;4778
1;15;29;5368
2;16;44;7138
2;19;50;7568
2;6;41;6716
2;17;43;5894
2;6;44;8877
3;19;76;15527
2;8;50;9082
3;4;81;15637
3;1;54;10172
1;4;25;5405
1;19;35;5873
2;11;49;9188
3;5;72;12766
3;1;55;11041
3;18;73;12490
1;8;29;5368
2;19;51;8305
2;4;40;8371
3;14;68;12853
2;18;46;7222
3;18;80;14989
1;8;29;6195
3;18;77;12335
3;1;78;15132
1;15;32;4821
2;19;41;6846
3;3;67;11450
3;17;74;13130
2;4;45;8127
2;10;52;10043
2;3;56;11280
2;3;43;6175
1;0;31;6067
3;5;74;12429
3;6;57;8811
1;19;31;4828
2;10;46;7748
1;17;31;5478
3;16;61;12808
3;2;59;11225
3;14;62;10693
2;11;53;10541
1;16;27;4861
3;10;61;10485
1;2;34;6643
3;16;83;15497
1;14;24;4287
2;9;48;9311
1;14;28;4895
1;17;30;4528
1;18;24;4847
3;16;83;13341
2;13;42;8074
3;3;80;15342
2;18;45;7094
3;6;65;11143
1;19;30;4660
1;3;28;6075
3;4;81;14098
3;9;73;10998
2;13;57;10419
1;2;25;5475
2;2;36;6815
2;14;49;8582
1;14;30;5345
2;13;54;8951
1;1;28;6127
2;15;52;10040
2;3;59;9223
1;17;30;5023
1;19;35;6330
3;14;65;12197
3;14;82;11675
2;15;46;7083
1;16;26;4839
2;13;46;8009
1;5;31;6833
1;0;26;5808
1;11;24;4067
3;15;54;8200
3;15;52;10026
1;13;26;5288
3;18;70;11947
2;19;48;8100
3;12;71;10605
3;13;80;12197
2;19;55;8500
1;1;29;5087
3;2;67;14219
3;14;74;11634
1;1;31;5770
3;2;82;12161
3;10;65;13006
2;9;42;8621
3;7;79;11845
3;18;65;8973
3;14;59;8193
3;11;62;10849
1;1;30;6178
2;5;48;8660
2;1;42;8672
3;18;60;12037
3;19;55;9334
2;18;48;9067
1;13;29;5484
1;16;33;4710
2;17;50;8097
1;11;32;6224
1;5;29;5801
1;6;25;5015
3;9;62;12768
3;5;79;16936
3;7;64;12117
1;3;25;5703
1;2;27;4813
1;1;29;5492
1;3;31;6745
1;8;26;4705
3;11;69;12793
2;13;56;8437
2;15;51;7559
2;11;41;8216
2;18;55;10173
1;5;24;5337
2;7;54;10455
1;7;26;5784
3;19;77;10931
2;10;42;7510
1;18;25;4432
2;5;54;10413
1;17;30;6524
3;10;59;11551
3;13;51;8351
1;11;24;4802
1;8;27;6440
3;16;51;8366
3;15;53;9662
3;8;77;11971
1;19;25;3277
1;1;29;5998
2;8;44;8250
2;8;51;9742
1;3;27;5675
1;0;28;6008
3;19;76;10907
1;1;31;6342
1;0;26;4854
1;0;29;6270
2;10;57;11228
3;5;80;14710
1;6;34;5714
2;10;49;8033
2;11;54;8403
1;16;27;4939
1;4;22;3935
3;5;54;8206
1;11;24;4455
3;15;73;12649
2;1;46;9119
2;14;36;6021
2;7;40;6456
2;8;55;8983
3;18;75;13244
3;3;76;16044
2;6;54;8806
1;2;23;4572
3;11;73;14018
2;11;46;7641
2;19;53;7089
2;12;41;6409
2;15;47;7518
2;10;51;10103
3;12;67;12816
3;0;81;15243
1;1;23;4698
3;1;83;16220
1;3;27;4654
3;1;52;9423
3;9;80;13284
3;9;71;13036
1;18;30;5074
3;16;80;14137
1;16;25;3922
2;12;44;7162
2;0;43;7853
2;11;48;8145
1;3;23;5170
2;14;49;9030
2;3;49;9396
2;14;41;7923
2;2;44;8824
1;9;26;5715
3;14;57;9743
1;15;26;4159
3;14;81;9629
1;13;29;5344
1;13;22;4223
3;9;77;11994
2;13;50;7103
3;8;66;11743
3;5;57;11765
1;6;32;6041
1;5;24;5608
3;2;80;13505
2;12;56;7824
1;3;24;4932
1;12;29;5577
2;13;41;8101
1;14;33;5372
3;0;63;11233
2;15;57;11692
2;9;41;6450
2;8;59;11367
2;17;54;10205
1;9;30;6090
1;13;31;5557
3;3;55;10675
1;8;24;4810
3;6;61;12005
1;17;31;6131
2;13;41;7980
1;15;29;5572
1;0;34;6137
3;2;60;11240
2;4;56;7315
2;18;51;9305
3;8;58;9879
1;11;25;5201
1;4;23;4214
1;14;25;5318
1;13;30;5216
3;1;62;10996
1;1;30;7183
2;10;43;7472
1;11;27;4718
1;1;27;5110
3;13;67;12708
2;9;42;6807
3;19;77;13944
2;6;40;7256
2;8;58;9935
1;17;23;4303
3;9;64;11688
3;10;71;11787
3;19;68;11877
3;13;67;10938
2;8;55;10394
2;2;36;6846
1;0;30;6661
3;2;71;13626
2;14;44;8179
2;14;38;7102
2;2;44;8065
2;4;45;8562
3;7;60;11235
3;2;77;13157
2;2;39;8100
2;5;49;8836
3;1;79;13649
2;16;49;10094
1;8;26;4863
2;19;50;8319
3;16;54;10353
2;19;52;7434
3;3;80;17614
1;8;27;5175
2;15;47;7052
3;19;67;12997
1;17;29;4481
2;3;53;10852
3;18;56;10464
2;16;42;5380
1;12;30;5043
1;7;22;4642
3;4;80;15081
3;5;57;11193
3;11;60;11022
3;8;55;8328
2;12;58;10065
3;4;81;13155
2;8;42;7680
3;12;67;12162
2;15;51;8579
2;6;59;10782
3;6;76;13302
2;19;55;10042
3;0;61;11768
3;8;59;11094
2;2;44;9313
2;16;38;7009
1;14;27;5170
1;1;29;5533
1;7;31;6508
1;8;32;5997
2;10;58;9750
3;3;55;8030
2;16;36;5132
3;16;61;11152
2;14;48;8811
1;7;23;5111
2;5;52;9807
1;10;29;5654
3;3;73;13831
3;16;57;9811
2;2;38;8290
3;16;69;11713
2;15;52;8177
3;1;80;14058
2;14;39;7029
2;10;54;10809
2;4;48;9417
1;18;30;5253
1;18;26;4178
1;1;29;6018
3;18;79;15637
3;7;60;9758
2;6;42;8166
1;19;30;4842
1;17;31;5585
1;19;29;4190
1;12;30;4642
1;9;29;4519
1;18;31;4890
1;14;30;4606
2;10;55;10305
2;16;55;11157
2;16;44;6085
3;1;57;11540
1;0;23;4870
2;17;56;8940
2;10;41;6404
2;0;51;9879
3;18;71;8911
2;4;44;8494
2;7;54;12635
3;8;81;12587
2;3;55;8937
2;4;50;10143
3;14;56;9807
3;12;61;11849
2;11;39;6758
3;0;51;9232
3;18;65;10809
2;10;37;6115
2;4;50;9907
2;18;53;8707
3;10;64;10928
1;5;23;4622
1;16;33;4617
3;12;79;16097
3;15;79;12687
1;3;28;5599
1;19;28;4428
1;11;26;4739
3;8;61;11230
1;3;26;5735
3;4;67;14025
2;12;42;7292
1;14;30;5634
3;10;56;10830
1;12;32;5844
3;19;65;9919
3;16;72;10667
1;7;23;5018
3;3;68;10438
3;14;76;13776
2;11;40;7344
1;19;29;4712
1;17;24;4118
3;13;61;10599
3;16;59;8654
1;16;33;5644
2;1;52;11031
2;10;50;7367
2;8;44;8521
2;16;47;8179
1;15;32;5706
3;14;58;9151
2;10;36;6498
3;18;57;8716
3;7;69;12365
1;11;27;5953
2;5;48;9281
2;5;48;8975
3;7;75;13423
1;1;31;6896
2;11;58;11842
1;2;28;5807
2;18;39;6473
1;0;30;5983
3;3;57;10616
1;9;31;6162
3;10;74;11989
2;6;54;10096
3;11;65;9505
1;8;28;5519
3;9;61;11334
2;8;57;9231
2;9;40;5942
3;3;56;11629
3;18;54;6338
1;14;28;4535
1;8;29;6244
2;2;48;8187
3;9;67;11864
2;15;43;6342
3;10;75;12942
1;6;29;5129
1;19;24;3891
2;13;56;11192
2;10;40;7850
1;16;30;5517
2;5;51;9526
1;14;32;5537
1;11;21;4171
2;19;59;9666
2;2;51;8439
1;17;28;5563
2;2;46;8142
1;6;23;4796
2;17;51;9561
3;0;54;11251
3;17;75;13835
2;12;47;7012
1;7;29;5189
2;10;45;7939
3;2;59;9863
2;16;42;5489
1;15;30;4536
3;19;79;13805
3;15;79;12231
2;4;44;8680
3;6;52;11491
1;1;23;4806
3;17;71;11883
3;15;75;11647
2;5;42;8205
3;16;68;11915
1;12;31;5966
3;14;65;9342
3;9;83;13287
1;2;24;5146
1;19;33;4733
1;7;26;4967
2;1;53;9446
1;18;25;4866
2;12;54;8712
2;13;41;7618
1;7;24;4150
1;17;30;5703
1;0;27;5584
3;13;67;11358
1;11;33;6332
3;7;58;8468
2;6;38;6574
1;1;33;6008
2;6;41;8140
1;5;27;5238
3;5;64;12133
2;14;44;7144
2;6;41;9362
2;17;37;6444
3;3;82;15913
3;13;55;8555
3;1;81;13814
2;9;44;8224
3;18;72;10238
2;4;38;6930
2;13;40;7757
1;0;30;6438
3;6;66;11737
3;10;51;7879
2;13;38;6555
2;2;51;9631
3;14;61;10330
2;7;49;8720
2;1;52;11337
3;19;51;7143
2;16;49;9225
3;10;73;13952
1;18;34;5152
1;0;26;5010
3;11;82;12703
3;16;80;11309
1;3;28;5829
1;13;26;5157
1;7;25;4315
1;11;21;4172
3;2;61;9707
1;0;28;5711
1;13;30;5141
3;19;54;7956
1;2;21;4026
2;8;50;10173
1;8;27;5546
3;15;67;11279
3;10;73;10954
2;12;47;8126
2;19;54;8334
1;4;30;5748
1;1;31;5735
2;4;45;9003
3;10;68;11689
3;7;60;10311
3;18;58;9089
1;2;28;6149
1;1;30;6842
1;0;29;6114
2;12;52;9636
2;18;47;8526
3;12;72;13594
3;14;66;12484
2;5;52;10049
2;13;43;7090
3;0;80;13709
3;3;63;10834
2;18;50;7622
3;18;72;12105
1;6;22;4756
2;10;46;7884
3;16;59;9730
2;15;37;6214
1;0;30;6297
3;10;67;12741
2;6;45;8701
1;15;35;6668
2;1;48;9722
1;19;33;5063
3;1;52;9351
3;6;67;11639
3;1;57;12149
2;1;38;9315
3;14;53;10497
3;0;57;11110
2;0;52;10270
2;17;46;9532
2;11;55;8579
3;14;74;10267
3;2;52;10180
3;17;71;13709
1;12;23;3638
2;9;47;7882
1;7;27;5519
2;5;47;7283
1;10;25;3785
1;19;32;5395
1;13;23;4491
3;11;70;13158
3;16;76;13489
1;6;33;6730
3;16;59;8118
2;4;48;7564
3;18;75;14192
1;7;29;5642
2;19;55;9308
2;18;53;8762
2;9;43;8607
1;10;31;7057
2;15;52;8445
2;16;49;10077
3;14;58;10198
1;8;28;6415
1;3;32;5747
1;14;29;5503
2;7;42;7432
1;13;22;4921
1;5;24;4354
2;18;43;8276
3;1;59;11887
1;3;27;6725
2;12;40;6822
1;9;32;6366
3;8;75;14588
3;3;80;13696
2;8;49;9863
1;16;30;5038
1;3;33;7761
2;6;51;9674
1;10;34;5981
3;7;78;14630
3;17;65;12332
1;5;33;7053
1;17;33;5499
1;10;25;5264
3;8;51;11193
2;16;38;6324
2;11;39;6835
3;14;63;10253
1;3;26;6383
2;19;56;7285
1;10;28;5423
1;10;32;6786
1;8;26;5297
1;1;29;6435
3;2;80;16630
3;15;54;8915
3;5;76;13628
1;0;33;7314
2;6;58;11628
3;10;80;12157
2;15;53;10763
3;0;78;15306
2;15;41;8243
3;17;66;9866
2;9;55;10838
3;14;58;9612
2;15;39;7808
3;2;59;11544
2;10;59;10667
3;7;63;10447
2;16;40;7749
2;13;54;9198
1;8;30;5172
1;3;23;5305
3;7;58;10715
2;14;42;8411
2;19;58;9741
2;10;55;8667
3;6;68;14908
3;14;61;11116
2;16;39;6633
1;4;23;4847
1;19;32;4900
2;9;56;9731
3;11;54;8461
2;19;43;8387
3;0;67;14265
2;19;44;5705
2;10;43;7971
3;12;70;13123
3;7;81;16323
2;14;51;7483
2;16;52;7234
3;15;52;8111
2;14;40;6239
3;9;55;10419
3;16;79;13286
2;5;48;7858
2;13;47;7188
1;12;28;5680
3;2;61;10577
3;0;70;13096
1;9;35;6972
1;6;31;5054
1;7;25;5125
3;9;55;11224
2;15;54;10030
2;5;47;10772
2;11;52;7937
3;1;70;15193
3;15;57;9780
3;15;79;14429
3;2;83;14059
2;5;46;9143
2;7;38;7077
1;17;29;5074
3;16;79;12664
3;0;75;14841
2;0;41;7807
1;19;35;4831
2;9;43;7725
2;10;45;7379
3;16;78;13061
2;15;38;6295
1;17;28;5399
3;1;81;14891
1;3;26;5672
3;16;81;12219
1;19;30;6355
2;8;38;6392
1;19;25;4303
3;5;56;9117
2;2;46;10359
2;12;46;7916
1;11;23;4673
1;11;21;4003
2;19;50;8421
3;13;59;11163
3;7;72;12906
1;2;26;5159
3;17;65;10346
1;5;26;4917
1;10;22;4639
1;0;27;6491
2;13;49;9371
1;2;25;4542
2;2;49;8785
2;19;44;6309
1;0;26;5311
1;12;30;5752
2;17;42;6976
1;17;34;5731
2;6;44;7902
3;7;63;11889
3;3;54;11985
2;10;48;8653
2;5;52;9476
1;15;32;6251
2;10;52;9942
2;10;36;7115
2;3;52;9656
1;8;32;6041
1;11;25;4372
2;19;52;9042
2;8;51;10527
1;17;30;5432
2;3;48;7656
2;2;43;7916
3;9;60;10343
2;5;52;8988
3;4;59;10243
2;12;57;10102
1;6;28;4988
1;0;30;5525
1;17;27;4582
2;14;57;9957
1;6;29;5411
2;0;36;6094
2;19;39;5007
3;5;56;10079
3;16;83;14391
3;18;73;12114
3;9;82;13280
2;4;54;10026
2;3;48;9755
3;7;67;11018
3;17;70;11519
1;9;33;7137
3;4;77;13873
3;19;63;11473
1;11;30;6813
1;6;24;5268
1;4;26;4950
3;15;75;13437
3;19;55;9994
2;13;44;7727
2;11;47;7567
2;10;59;11009
3;18;72;10750
1;11;31;5592
1;5;25;4791
2;10;48;8739
1;10;25;5033
2;2;44;10348
2;1;49;8994
3;10;64;13517
2;10;43;7468
3;11;63;9335
1;19;26;4846
1;11;34;6378
1;10;24;5361
2;8;50;8877
1;3;33;7465
2;16;45;7254
2;9;46;8496
3;19;66;10934
2;0;49;8917
3;14;62;8979
2;0;51;11021
2;1;43;8558
3;2;72;12919
2;2;56;12136
1;12;29;4948
1;2;27;5696
2;14;55;8956
1;12;29;6025
3;17;56;8258
3;19;72;9451
3;11;65;10477
3;16;56;9866
1;18;31;5589
3;11;57;12251
2;16;38;6649
2;8;42;8347
1;13;25;4505
1;4;30;5749
3;18;59;11856
3;8;62;10411
1;16;28;4807
2;0;53;9738
1;14;29;5230
1;2;29;5760
1;11;29;4976
2;17;43;8383
3;10;58;12345
3;5;60;10222
1;16;27;4572
2;10;44;8904
3;13;73;14753
3;4;76;12751
1;4;32;6504
3;18;71;12805
3;6;74;14463
3;15;57;7469
3;15;79;14440
2;12;50;8620
2;12;49;9190
3;11;75;12830
3;8;60;12041
1;5;31;5507
2;14;36;6312
2;10;51;9312
1;3;29;6391
3;9;53;9696
1;3;21;4707
3;1;61;10162
1;16;26;4578
3;2;77;12537
2;14;51;8308
2;9;41;8406
3;0;79;16810
2;6;46;9772
1;0;29;6129
3;6;54;10168
3;6;75;13321
2;11;54;10348
2;9;39;6825
2;4;57;10332
1;1;21;4406
1;5;21;4763
1;17;27;4480
3;10;80;14974
3;4;61;11257
3;5;65;11224
3;11;71;13885
2;16;46;8515
3;6;62;11286
3;18;76;12296
3;7;54;10634
2;17;57;9843
2;7;53;8302
1;15;32;6582
2;11;36;6260
3;8;73;11871
2;5;48;8357
1;2;31;6743
2;1;58;11297
3;18;66;9724
2;14;54;10342
1;4;25;5649
3;7;69;13030
1;9;27;5518
2;10;57;8889
2;0;53;10513
3;1;57;11427
3;3;52;11526
2;7;49;7613
1;19;26;4775
2;4;50;8452
3;4;58;11500
3;19;54;9766
2;2;47;10053
2;19;42;7319
2;5;48;10590
3;13;65;9555
2;8;49;8206
2;0;54;9675
2;14;37;6193
3;8;65;11352
1;1;25;4793
1;8;27;5123
2;6;50;10157
2;13;50;8912
1;2;35;6817
1;9;34;6497
3;13;57;11469
2;5;46;8643
2;7;41;8446
2;8;48;10102
3;19;60;8251
3;17;71;12311
2;4;54;8799
1;12;26;4534
2;6;52;9634
3;2;54;10309
3;11;74;11033
2;16;57;9882
1;18;28;4594
2;12;53;10232
3;17;77;13765
3;10;78;14821
3;11;73;12976
2;0;46;8963
2;3;55;11096
2;12;49;9005
2;17;46;6751
1;16;27;4036
3;17;60;10631
2;8;54;10335
1;4;32;6280
3;12;64;10003
3;3;83;17398
3;2;81;15674
2;12;43;7274
2;16;37;6330
2;0;52;10844
3;17;73;9874
1;16;23;4411
1;17;32;4440
1;14;34;6645
1;17;29;5130
1;2;31;6873
3;5;76;12834
1;12;26;5201
1;4;33;7512
1;19;30;4666
1;19;25;4566
1;18;23;3962
2;16;50;8993
3;2;64;13784
3;4;69;13113
3;8;64;11350
3;16;51;8450
1;18;21;3281
2;5;44;7675
2;12;50;9165
2;17;44;8150
1;13;30;5642
3;10;56;9536
3;2;74;13168
1;19;28;5371
1;16;24;3996
2;16;46;6456
3;3;54;9630
1;16;33;5267
1;15;31;6265
2;3;54;11977
2;0;42;8204
1;6;30;6487
1;14;30;5573
3;9;62;9634
1;0;26;5268
1;4;33;7381
3;0;76;14483
2;2;41;7396
1;4;34;7041
3;12;72;12849
2;6;45;8590
1;6;26;5750
1;3;23;4417
3;2;75;13076
3;13;62;12540
2;19;46;7845
1;4;23;5639
3;6;71;11370
1;0;28;6011
3;14;81;14048
2;13;54;10698
2;0;48;9608
3;13;66;10710
1;8;26;4431
2;14;53;7972
2;1;49;9458
2;6;42;7702
1;0;33;6817
2;15;52;9843
2;6;36;6735
1;5;26;5570
3;17;72;12674
1;1;30;6453
1;18;29;4199
2;12;44;7545
2;5;54;9214
2;9;52;8324
3;16;77;11423
3;16;79;14124
1;13;29;5467
3;16;80;15617
3;3;70;11297
1;1;26;5548
1;4;23;5076
1;8;29;6002
3;19;63;10768
3;3;56;12287
2;3;49;10083
2;8;46;8174
3;6;75;16134
2;13;53;8950
2;5;55;8082
3;8;71;11772
2;19;42;6846
2;14;49;7436
2;4;47;9909
2;10;54;9229
3;4;64;11532
2;1;37;7715
3;2;66;12351
1;9;29;6070
3;3;56;9479
1;7;25;5668
1;11;26;5060
2;2;46;9542
2;10;48;8790
3;8;72;11125
3;15;79;14347
1;14;30;5202
3;13;68;11782
3;11;79;13413
3;2;51;9678
3;16;83;12176
2;8;43;6556
3;0;61;11464
3;16;70;13151
3;8;65;9698
3;1;76;13621
2;0;49;9360
3;11;54;8281
3;17;60;10416
2;5;47;9283
1;5;35;7068
2;19;57;9779
1;18;32;5411
3;4;68;12173
1;11;29;5818
1;17;31;5853
1;13;35;5801
1;5;25;5904
3;2;77;15113
3;2;58;10146
2;8;52;9588
3;18;54;8633
1;7;32;6361
3;14;64;9844
1;11;24;5035
2;9;40;8750
3;5;62;11737
3;15;56;9205
1;7;28;5128
3;16;69;10107
1;6;29;5277
3;19;67;11640
3;5;51;9011
3;9;76;11065
2;9;51;9088
2;4;50;8834
1;0;32;6701
1;0;30;6396
1;17;29;4253
3;17;72;12978
1;9;21;4474
2;17;40;8227
2;14;38;6346
3;16;63;11581
3;4;73;12049
3;7;64;11476
1;13;25;5283
2;6;49;6567
1;11;30;5957
2;4;47;9134
1;13;28;4399
2;11;52;8699
3;17;52;9477
1;12;34;6109
1;2;27;5280
2;15;42;7566
1;9;26;5168
2;11;55;8075
2;13;45;7655
1;15;27;5418
3;3;57;10363
1;1;29;6148
2;18;49;8489
2;5;50;8777
1;8;23;4094
1;11;25;4931
3;15;79;12910
3;6;68;12861
1;11;32;6329
3;3;63;10984
1;10;26;5258
3;17;68;11714
2;10;45;8155
2;17;44;7057
1;19;24;3667
2;1;40;7086
3;12;54;8457
3;16;69;12305
1;14;24;4478
1;7;27;4852
2;18;41;6364
3;12;82;17441
1;11;32;6480
2;2;46;9252
3;1;73;13340
3;8;76;14149
3;5;62;12153
1;0;29;6752
2;14;43;7599
2;6;43;7186
3;5;65;13022
3;18;51;7257
3;2;73;11763
3;10;56;9840
2;19;59;11488
1;1;29;6060
3;2;64;12308
3;7;63;10517
2;14;40;6454
2;5;44;6796
2;1;43;8766
3;0;55;9362
3;8;81;15956
3;6;72;11625
2;19;41;7902
1;2;30;5835
1;7;32;7649
1;6;32;5841
1;16;28;5295
3;8;68;12371
2;3;40;7713
2;9;54;9563
2;13;45;6197
2;14;55;7204
1;2;28;5790
1;19;31;4958
1;7;23;4303
1;5;31;5591
2;15;57;9553
1;19;28;4918
3;11;78;13180
1;5;29;6146
3;5;77;13326
3;1;82;15796
1;10;34;5714
3;2;75;14073
2;1;54;10815
1;11;26;5025
2;12;46;8660
2;19;56;9323
3;15;67;11261
2;9;48;8214
1;3;24;4510
3;9;77;13563
3;18;79;16126
1;1;29;5292
1;5;24;5208
2;9;47;7950
1;13;30;5359
2;17;47;7784
1;12;27;4757
2;8;51;9325
3;16;73;13184
2;5;44;8214
3;15;73;12058
2;19;58;9360
2;3;48;10049
2;14;45;7832
2;16;39;6594
3;6;69;13221
1;8;27;5715
3;12;76;12470
1;19;30;5533
1;6;33;5935
3;10;66;10254
3;13;68;11611
1;1;24;5736
3;17;70;12044
2;12;56;10049
3;7;58;10660
2;13;53;8103
2;16;54;6864
3;12;70;10933
3;0;68;14373
3;3;80;15620
2;3;56;9898
1;5;33;6097
1;3;30;6305
1;9;28;5788
3;9;78;11983
2;9;43;6398
2;8;47;7641
3;17;78;14054
2;13;37;5880
3;17;65;11200
2;4;52;9217
1;15;28;5263
3;19;76;15266
1;6;31;6739
3;4;63;10142
1;2;21;4517
1;13;29;5627
3;18;70;13553
3;7;51;10385
2;19;51;8094
2;13;56;12182
1;10;29;5190
2;6;41;8555
3;16;71;11086
2;14;56;8945
3;16;68;11799
3;13;66;12224
1;8;32;6266
2;15;43;7544
2;6;38;7074
3;2;75;13417
2;6;53;9162
1;7;30;5891
3;19;79;13735
3;14;66;10272
2;3;51;9929
2;14;53;9281
3;3;67;10960
1;16;28;6113
3;10;83;14757
1;1;24;5221
1;3;30;5761
2;2;45;7254
2;18;54;8872
3;14;79;12703
3;7;75;13777
1;9;26;3401
1;6;22;3732
2;18;53;8697
1;18;28;5844
3;8;66;10817
3;8;62;9861
2;12;46;7379
2;9;39;6957
3;10;54;10040
3;16;65;9063
2;16;43;6916
1;17;34;6486
1;8;35;6957
3;16;63;10846
2;17;46;7706
1;12;26;5272
2;6;40;7891
3;18;56;7966
3;9;76;13966
1;18;26;4145
1;6;25;5180
3;13;82;14015
2;13;46;7883
2;13;50;7723
3;8;80;14474
2;7;56;10498
2;19;40;6563
3;6;59;10980
2;7;42;8294
3;16;54;9116
1;14;32;5584
3;19;78;14033
2;12;52;8720
2;10;52;10070
2;17;45;8345
2;19;53;10002
1;18;23;3727
1;1;22;5746
3;19;69;11628
3;4;69;11861
3;11;69;10149
1;6;23;5183
2;16;54;7333
2;4;48;8206
3;1;76;12219
1;8;24;4395
3;14;68;13540
1;2;24;4772
2;12;38;6478
2;3;49;10441
3;16;66;11861
2;9;44;9332
3;9;79;12521
3;19;59;8487
2;10;43;5863
3;14;67;11335
2;12;54;10013
2;2;53;9349
3;12;55;10736
3;17;52;7817
3;14;77;12490
3;14;74;12429
1;6;25;5385
3;6;57;9728
2;17;43;7675
3;6;73;12980
2;15;41;6908
3;6;56;10453
1;4;29;6144
1;1;26;5305
1;1;25;6106
1;10;32;6090
3;10;79;14077
1;16;32;6741
3;13;61;10103
3;13;76;11728
3;14;80;8532
1;6;32;6155
1;14;29;5470
3;2;71;16941
1;5;32;6307
1;5;27;5653
3;15;55;9395
3;8;67;12916
3;8;62;11182
3;11;67;11408
3;11;64;9714
1;19;29;4838
2;16;42;8426
2;3;54;11281
3;1;82;16068
3;3;59;12135
2;6;55;10494
2;1;53;10184
1;3;27;6511
2;0;53;10865
2;17;38;6178
2;19;43;7259
2;9;43;7209
1;9;33;6041
1;1;25;6000
3;0;65;13011
3;10;53;8639
2;0;52;10580
3;6;77;12851
1;7;31;5452
3;7;70;11154
2;12;52;7874
1;13;31;5683
1;4;25;5081
1;5;25;6172
1;4;23;4815
1;10;27;5584
1;2;30;5951
3;15;58;9766
3;9;77;13290
2;14;38;6558
2;3;43;7867
3;19;59;10795
1;11;29;5508
3;16;57;7139
3;18;51;7779
2;7;47;7445
2;16;43;7308
3;6;59;11289
1;6;29;7038
3;5;73;11549
1;1;26;5375
1;17;32;5201
3;1;62;10515
3;8;71;13744
1;18;25;4090
3;4;54;8495
1;8;33;7105
2;8;43;9334
3;13;59;8945
1;14;28;4442
1;7;24;5026
1;8;23;4480
3;4;64;10152
1;14;29;4823
2;8;49;9151
1;10;30;6330
3;5;69;12141
2;12;47;7235
1;8;28;6069
2;7;57;10876
3;5;73;13514
2;8;48;6773
3;16;55;8446
3;3;51;10583
2;12;54;8867
3;1;83;16178
1;19;22;3695
1;2;32;7414
3;10;65;9980
1;2;29;5447
2;2;38;6564
3;9;58;11704
2;7;51;10263
2;1;48;10101
3;8;63;9987
2;0;39;7683
2;8;40;6854
3;17;71;12086
2;2;57;10360
3;7;78;13394
3;4;74;14228
1;16;28;5395
1;13;34;5995
3;2;73;12127
3;17;73;12333
2;11;49;8584
1;14;29;5664
1;11;32;5919
2;5;47;9295
3;4;71;14001
1;8;25;4423
1;1;24;5571
2;19;47;8100
2;7;46;8619
2;16;50;7788
1;9;28;5266
2;0;40;9136
2;6;55;9361
2;4;38;8409
3;11;66;11433
2;4;50;9436
3;2;60;11887
1;16;21;3181
3;3;63;9247
3;15;75;11987
2;19;50;7280
1;15;27;4931
1;18;24;3440
2;13;41;7154
1;10;28;5689
3;16;79;14516
1;11;26;5472
2;13;56;9588
3;10;72;11500
2;12;38;7129
3;0;68;12672
3;3;80;14241
3;6;82;14282
3;13;51;8027
1;18;32;5197
1;2;33;7623
3;15;73;12359
3;16;56;9846
3;14;73;14152
1;10;30;5600
1;4;33;6896
2;1;47;9094
2;14;38;6057
2;4;42;7570
1;13;29;5727
1;17;33;5704
2;16;59;10495
1;13;30;5414
2;18;52;9851
3;6;82;13606
2;9;54;10999
1;16;31;5470
2;17;46;7091
2;13;41;5549
3;5;67;13528
2;9;52;10686
2;12;52;8683
2;2;54;11062
2;15;56;9910
1;0;26;5742
1;6;28;6014
3;13;69;10037
2;16;57;8462
3;17;57;8938
2;15;43;6216
3;0;54;10126
3;17;53;8361
3;8;80;14253
3;1;54;10692
2;11;50;7167
1;7;25;4494
1;9;25;5390
1;1;26;5526
2;19;57;10240
1;8;32;5584
2;8;42;7463
3;10;70;13201
1;4;34;7229
3;19;53;7561
2;14;53;9412
1;5;25;4744
2;15;44;6715
1;19;30;4294
2;7;50;10012
1;14;28;4282
3;0;66;11134
1;16;25;4706
3;0;79;14748
3;6;83;11890
3;10;61;10435
2;2;52;11485
2;5;39;8015
1;17;30;6073
3;14;83;12566
2;8;41;8263
2;16;49;9469
2;12;49;9953
2;9;45;8806
1;15;29;4636
2;1;52;10520
2;7;40;7464
2;15;57;10008
1;19;27;3540
1;16;31;6058
1;4;25;5291
3;2;53;10336
1;1;27;4891
2;17;49;7906
3;8;83;12710
3;3;72;12694
1;7;23;5044
1;2;21;5676
2;14;43;6774
2;11;52;7063
1;8;30;6765
3;6;72;13549
1;3;34;5404
2;3;43;9055
3;3;60;11011
3;9;54;9647
1;16;35;5338
1;19;29;3980
3;9;52;9049
3;10;53;9286
1;0;31;6565
1;17;23;3216
1;0;27;5876
3;2;68;11512
1;13;28;4643
2;19;54;8814
1;18;29;5224
2;6;39;8158
2;9;53;9274
1;1;23;4567
1;7;26;3890
3;9;59;10326
2;3;41;10150
1;8;32;6624
1;11;28;4368
1;6;21;3643
1;1;30;6944
1;15;28;4334
2;0;47;7249
2;4;52;8817
3;0;52;10274
3;9;75;13595
1;17;24;3960
3;9;72;13079
2;14;41;6581
2;8;43;8347
2;13;50;8114
1;8;32;6204
3;6;57;11067
2;6;46;8808
1;12;26;4631
3;11;58;10571
2;16;55;9012
3;4;75;14093
2;14;46;8271
2;7;48;8034
3;15;70;11409
1;12;27;5041
2;0;44;8906
1;1;24;4818
2;6;50;8159
2;11;41;7415
2;8;53;10675
3;8;81;13195
3;2;53;10733
2;12;53;9286
2;0;46;9588
3;5;76;13249
1;2;33;7607
1;13;28;5252
2;7;44;7431
1;5;24;4120
1;1;30;6366
1;0;26;6151
3;15;54;9454
2;16;44;8041
2;15;59;8018
2;4;42;8297
1;10;33;6016
1;3;22;4586
1;14;34;6983
1;17;33;4628
2;10;43;7958
2;12;58;10268
1;5;28;6303
1;14;25;4681
1;4;31;6038
1;9;34;7279
3;3;59;10341
1;10;33;6383
1;1;32;7485
3;14;80;11468
1;11;30;4897
1;15;22;3538
1;2;28;5891
3;19;51;8650
2;1;40;7332
3;14;54;7195
2;5;56;9543
1;14;33;6183
2;14;40;6460
2;11;40;6942
3;13;74;14684
3;3;61;11855
3;12;62;10054
3;8;61;10821
3;6;55;10183
2;0;36;7586
1;7;27;5701
3;14;69;10758
1;8;33;6124
3;4;82;14979
1;15;30;5936
3;6;62;12777
3;10;67;12243
3;15;65;11099
2;17;41;6466
3;16;72;11922
3;10;55;8863
3;3;80;14540
2;8;49;9184
1;3;26;5230
3;1;70;9333
2;4;54;9836
1;15;32;5042
2;7;49;10502
1;15;32;5402
3;15;66;12450
3;7;56;10850
3;13;54;9196
1;13;33;4863
2;2;59;11009
3;15;77;15680
1;9;32;6322
1;14;32;5486
2;2;45;9362
3;8;54;9876
2;11;48;6708
2;15;54;9407
3;1;79;12688
3;4;58;9722
1;13;30;5016
2;14;56;9785
1;18;23;4105
2;2;44;7985
2;12;53;8775
1;1;26;5866
1;10;24;4899
3;11;77;11128
3;15;70;10680
2;4;52;9562
2;7;47;8164
2;19;54;9244
2;14;48;7634
3;19;61;9917
1;10;23;4232
2;17;38;5665
1;1;31;5447
2;5;55;11438
2;15;56;9374
2;19;49;7320
1;0;31;6470
3;11;61;12097
3;18;75;12422
3;12;75;10214
2;18;56;9442
3;7;56;9813
3;10;73;10707
2;16;38;5242
2;11;49;8883
3;7;59;10317
3;12;65;11293
3;5;57;11119
2;8;51;10556
2;7;44;8263
3;1;73;12952
2;11;46;9274
1;7;26;6033
1;0;28;5096
2;17;52;9415
1;13;35;6308
1;11;30;7080
1;1;35;8037
3;16;62;9283
1;13;34;5370
2;7;43;6734
2;5;56;10645
2;8;46;8385
2;0;51;9845
2;19;40;7702
1;15;29;4337
3;4;78;12243
2;6;44;8255
1;10;28;6280
3;10;69;12107
1;4;28;6361
3;19;73;11288
3;1;52;10006
1;2;25;5595
2;5;40;7434
2;8;44;7886
3;7;55;10046
2;11;53;8185
2;15;38;6459
2;13;57;9982
2;18;55;9104
2;16;44;6465
2;8;59;10805
1;7;25;5474
3;10;75;13967
3;19;58;9993
1;12;21;4096
2;5;40;9476
1;13;33;6522
1;10;30;5169
2;4;41;7766
3;17;78;13808
2;7;53;10956
2;1;56;11072
2;9;47;9814
3;8;53;9522
1;16;25;4271
2;16;44;8415
3;19;57;9412
1;3;24;4567
1;2;23;5064
2;11;59;9010
2;5;44;8828
2;7;37;7547
1;19;35;5294
1;8;26;5274
3;18;65;8860
2;17;44;6796
1;0;22;4563
3;6;66;12047
3;18;77;13502
3;0;55;10205
2;4;57;10472
1;10;27;4985
2;9;47;8292
3;0;54;11259
3;17;74;13134
3;11;57;10671
3;16;69;11823
2;1;47;9817
3;5;54;10897
2;7;44;7284
2;9;48;9171
3;17;68;11341
2;18;49;9186
1;7;27;5843
1;7;24;4082
1;12;26;4502
1;4;23;5678
1;11;25;4711
3;13;52;7613
3;9;62;10470
3;1;76;15489
3;14;67;11069
2;18;55;9197
2;18;44;8378
1;5;26;5282
1;11;27;5266
1;0;26;5289
1;19;35;5634
3;7;58;9968
1;19;34;5141
2;12;40;6673
3;15;54;8388
1;1;25;4797
2;11;53;8958
3;10;65;11717
1;1;31;6278
3;10;65;10520
2;2;41;9584
1;7;34;6266
2;1;47;9238
2;6;42;8145
2;5;58;8887
1;16;31;4541
2;0;54;11226
2;15;52;9007
3;7;76;15073
2;0;51;9868
1;11;28;4933
2;7;37;6337
2;3;57;10029
2;16;45;6644
1;14;30;5429
2;16;50;7210
1;19;31;5762
1;12;29;5517
1;4;30;5518
2;9;48;10021
1;7;32;5647
1;8;24;4620
2;13;49;8344
2;8;53;11399
2;7;47;8618
3;14;64;9708
3;4;79;14178
1;7;30;5204
2;19;55;7986
3;7;78;12084
2;13;47;8564
3;10;67;11486
1;11;28;5047
1;11;28;5833
3;12;60;9243
1;7;26;5543
3;19;70;14386
2;19;47;7836
1;15;31;5437
2;18;51;10364
1;13;26;4315
3;4;72;10427
3;2;74;12409
3;13;75;12324
2;16;44;7838
3;13;57;9714
3;14;65;11129
3;3;64;13225
3;15;56;9600
1;4;26;5799
3;13;58;8382
1;18;25;4637
3;16;69;11355
3;10;71;10217
1;3;32;6769
1;14;25;4394
2;1;49;10324
2;18;50;10168
3;10;75;11805
3;10;59;8019
3;2;83;16054
1;15;24;3358
2;19;45;8293
3;14;60;11804
2;4;50;8705
2;8;38;5854
1;11;30;5417
1;14;28;4407
2;5;37;7257
3;2;67;13652
1;10;31;5157
1;2;25;5413
3;2;54;11373
2;10;39;7749
1;2;32;7069
1;16;32;5093
3;16;65;10824
2;0;55;11646
1;15;27;5236
2;9;45;8026
1;14;29;5576
1;17;25;3726
3;7;79;13713
3;18;68;9718
3;8;59;12541
1;19;24;3956
3;10;51;9334
1;16;25;4565
1;15;33;6978
2;14;44;8254
1;3;28;4908
2;9;53;9288
2;3;45;7455
2;10;42;6219
1;3;25;5208
1;3;30;6582
1;9;26;5328
1;14;23;4390
2;12;44;7138
2;17;43;8392
1;11;25;4288
1;16;27;5037
3;15;77;13998
1;18;35;7009
1;12;29;5397
2;2;55;9505
2;3;45;8416
1;13;33;5699
3;10;71;12397
1;15;21;4104
1;0;25;4847
2;0;52;10022
3;8;65;11005
1;4;23;5035
1;8;23;4756
2;2;53;9438
3;16;61;10266
3;6;79;14526
3;14;71;12927
2;19;52;8286
3;18;78;12943
3;19;62;9202
2;0;46;8398
3;9;74;13845
1;9;29;5721
2;10;48;8410
2;0;40;7406
3;12;64;9651
2;18;39;5901
1;5;26;5451
1;5;23;5031
1;15;22;4035
2;18;55;9259
3;7;61;11916
3;14;55;9755
1;2;29;5294
2;16;49;7047
1;13;29;5146
3;1;76;13395
1;18;23;3582
3;18;60;10239
1;0;25;5365
1;1;29;6942
2;7;53;8581
2;8;50;8392
2;17;41;6117
3;9;53;7939
3;12;73;11506
1;9;32;6243
1;0;32;7342
1;5;31;6182
3;4;53;12629
3;12;81;14235
2;10;40;7682
3;18;61;9256
3;12;74;15626
1;2;25;5536
2;16;58;11146
3;18;56;9779
1;16;30;5147
1;14;29;5281
1;8;29;5579
3;4;80;11673
3;19;79;13779
3;3;56;11665
2;17;46;6218
1;2;28;5981
3;7;59;11042
1;2;29;6269
2;19;53;8710
1;6;29;6150
1;16;28;4597
3;14;62;11762
3;7;78;13478
1;2;30;7124
2;2;45;9102
3;19;69;11974
3;8;60;11572
2;6;48;7037
2;12;53;8972
3;2;53;10184
3;14;51;8449
1;15;29;5394
3;8;71;10548
1;1;21;4531
1;9;22;3912
3;1;79;15603
3;14;65;10438
3;16;82;13233
1;2;26;4825
1;14;29;6001
2;11;51;9267
1;14;27;4794
1;16;26;4681
3;15;69;11693
2;8;55;8805
3;16;67;11778
3;16;66;11749
2;0;54;9829
1;1;32;7033
2;9;40;7787
1;1;30;5690
2;0;56;11632
3;1;54;10453
3;7;78;13349
3;0;64;12872
1;6;23;4673
1;14;31;5538
1;18;31;5570
3;3;59;10217
1;1;28;5046
2;15;39;6085
1;17;30;5044
1;11;28;4585
3;6;68;11934
1;13;22;4459
1;15;30;5493
1;16;28;4056
3;19;83;12920
2;5;46;8646
1;13;27;4895
1;17;31;3629
1;19;30;4537
2;15;43;7261
3;6;80;13476
3;5;78;11747
1;5;28;5541
3;11;73;13867
2;0;41;9301
2;19;43;7428
3;7;74;11247
2;10;46;8681
3;3;70;13818
1;11;25;4669
2;1;54;11859
1;1;29;5650
3;11;55;10616
1;4;28;6475
2;12;41;8539
1;15;30;5088
1;4;29;5414
2;1;49;9444
2;3;44;7988
2;7;50;9537
3;13;69;11689
1;15;29;4620
2;7;46;9028
2;12;53;9733
1;15;32;6049
3;18;64;11838
3;1;69;13534
3;5;66;10039
1;9;28;4911
1;13;26;3487
2;0;53;9868
3;9;52;8808
2;13;49;6064
3;3;73;13149
2;11;44;6339
3;0;54;11318
3;11;56;11603
1;17;22;3417
2;1;39;8284
2;13;47;8860
3;16;77;13439
1;11;28;5155
3;3;82;12620
1;13;33;5858
1;19;26;4410
3;15;55;9164
3;1;82;13833
3;6;83;15138
3;14;57;10616
3;0;81;16590
3;9;51;6615
1;0;29;6434
2;19;51;8598
3;19;65;9102
1;9;30;4690
1;5;26;4969
3;9;62;10359
3;0;82;14522
3;5;61;10705
3;9;76;14730
3;7;67;12738
1;9;27;4824
2;0;48;9227
2;7;55;8839
3;13;74;13335
3;9;56;9563
2;16;39;4975
1;13;24;4423
3;7;76;13700
3;0;71;15981
1;8;22;5042
2;14;37;7294
3;14;68;9641
2;16;49;7042
2;17;46;7836
1;14;30;4410
2;11;54;10949
3;16;80;12781
3;6;78;15209
1;2;28;5451
1;1;22;4590
1;7;25;4655
2;10;43;6848
2;13;47;7790
2;13;38;6802
3;12;63;12032
2;6;45;9099
2;3;44;8495
1;0;30;7452
3;16;54;10069
2;10;51;11124
1;12;29;5225
2;9;51;7931
1;6;30;6215
3;10;56;10075
2;3;47;10373
3;3;53;8643
3;16;77;13411
1;4;23;4024
1;14;25;4740
2;9;43;6787
2;11;53;9615
3;5;66;12082
3;19;72;11770
1;18;28;5760
3;3;70;11055
1;6;25;4123
2;19;48;9178
2;15;55;9299
3;11;75;12087
1;9;34;6321
1;1;24;5635
2;12;41;7614
1;2;30;6371
2;14;48;8487
2;5;44;8643
1;4;25;4749
1;19;29;5513
2;4;39;7851
3;2;59;11454
3;5;83;13607
2;4;38;8146
1;4;30;5282
1;3;33;6645
3;9;51;7575
1;19;31;4990
1;7;32;6259
1;7;28;5237
2;14;58;10508
1;19;31;5117
3;13;74;11952
3;18;58;8905
2;13;50;8049
1;4;23;4983
1;12;27;4937
2;7;46;9339
1;2;29;5387
2;2;44;8779
3;4;59;11702
2;11;41;7404
3;2;71;11210
2;12;58;9933
3;4;78;13945
3;15;64;8894
3;2;76;11989
2;2;42;7713
1;13;27;4571
1;13;30;5810
2;15;57;10456
3;4;54;11496
3;2;67;12302
2;8;57;9873
2;1;41;8534
2;19;57;7985
1;1;26;6297
2;8;38;8298
2;16;42;7509
3;12;76;13500
1;18;28;4449
2;8;41;7898
2;12;48;8326
3;5;64;12034
2;14;54;9829
2;3;39;7603
3;14;54;9072
2;19;55;8603
1;15;27;4971
2;17;41;8161
1;15;22;3784
3;0;52;11265
3;13;64;10953
2;16;50;9006
1;8;26;5127
2;3;38;7641
1;15;28;4143
1;13;31;5439
1;7;28;6076
3;3;70;11981
3;16;59;11631
1;15;27;5475
2;17;52;10441
1;14;34;6772
1;19;25;4187
1;12;29;6362
3;1;70;12666
2;12;36;7061
1;7;32;7286
2;11;54;9849
2;18;38;6817
2;14;43;5839
1;6;33;7019
3;14;77;14968
2;13;53;9309
3;12;53;8343
1;18;28;4536
1;2;26;5006
2;3;56;9636
1;8;34;5585
2;2;56;11402
2;19;58;8980
2;0;51;9351
3;16;59;10677
3;17;60;8950
2;19;56;7797
1;9;29;5968
2;11;53;10147
1;12;32;6206
3;7;55;10785
1;12;29;5014
2;10;53;9482
1;16;27;5638
1;2;25;5848
3;4;82;14470
1;10;27;5451
2;3;53;9028
2;14;57;11423
1;5;35;5807
1;10;26;5225
1;14;29;5012
3;18;51;8393
3;14;66;9224
3;12;74;12066
2;19;49;8297
3;3;61;10205
2;13;47;8376
3;19;73;11455
3;18;62;11749
1;6;29;6187
3;17;69;14009
2;19;48;8263
3;1;67;11443
3;16;54;8427
1;6;34;7371
2;2;55;9402
2;3;49;9643
1;1;25;5002
1;18;25;4028
3;2;72;10527
2;7;39;7834
1;3;24;4573
2;13;56;9212
3;16;61;8934
2;15;53;7789
2;12;42;8199
3;6;55;11239
3;6;71;11011
3;1;79;15473
1;4;22;4247
1;7;29;5495
1;2;27;5895
1;19;22;3420
2;17;48;8939
2;7;50;9389
3;5;58;12307
3;3;72;13751
1;9;28;5452
3;10;78;12970
2;7;42;7803
2;1;45;8683
2;12;57;10003
3;1;76;15204
2;19;38;6481
3;7;59;9394
3;0;56;11019
3;7;81;14404
2;8;45;9405
2;11;46;8543
2;2;51;9035
3;10;54;7634
1;3;26;5778
2;6;41;7591
3;5;70;12672
1;6;28;4885
3;18;79;13517
3;1;72;12386
2;7;55;7956
1;4;27;5773
1;12;22;4101
1;14;27;5561
3;17;53;7109
3;13;58;10901
3;6;57;11140
1;5;24;4968
1;4;32;6567
2;4;55;10028
2;3;47;8506
1;8;29;6672
2;14;56;8724
3;1;82;17196
2;7;41;7876
1;7;26;4988
1;13;23;3833
3;13;53;9016
2;11;53;9393
2;8;50;7917
3;19;53;7734
3;12;68;11189
2;14;58;9932
3;11;79;11795
2;16;48;9954
3;16;70;10170
2;2;53;9720
1;5;32;6615
1;5;34;7533
1;18;31;5148
2;19;57;10020
1;12;32;4783
3;10;65;13419
3;18;65;13958
1;16;30;5161
3;2;77;14129
2;12;54;10412
3;17;62;11525
2;18;44;6430
3;14;63;12096
1;8;26;5179
3;16;75;12608
1;2;21;4881
1;4;31;6675
1;19;30;5123
2;18;52;7011
1;14;28;4729
1;1;35;7587
3;12;55;8634
1;15;28;5101
3;17;68;12454
1;0;28;5696
3;4;52;9245
1;18;26;4274
3;17;75;10138
1;17;25;4711
1;13;32;6363
1;0;23;4819
1;2;34;7322
2;10;48;9314
1;18;23;4030
1;8;29;5369
3;2;59;11239
1;10;34;4982
1;18;29;4570
3;12;71;11420
2;15;38;5954
3;15;59;10931
3;0;58;11557
1;4;23;4140
3;18;69;11628
1;17;30;5433
2;13;41;6557
3;2;75;11658
3;13;70;12516
3;14;65;12466
2;13;53;10430
2;10;45;8582
3;17;59;7257
2;7;41;8205
1;1;32;6374
2;2;46;7917
3;3;69;13638
1;18;32;5744
1;16;32;5281
1;13;29;6317
1;9;23;5094
1;16;31;5247
1;12;24;4089
3;3;68;11348
2;0;53;8953
3;2;63;11150
3;13;71;13899
1;18;34;6869
3;0;78;15699
1;15;30;5689
1;16;23;4392
2;18;42;6559
2;2;52;10062
1;5;28;4918
2;5;43;8790
1;11;31;4975
2;7;48;8741
3;18;75;14448
3;7;59;11332
1;0;27;6267
1;8;28;6340
3;7;62;11745
2;13;50;8132
2;10;44;8087
2;19;40;6058
1;1;27;5862
3;18;72;13410
3;3;52;10185
3;0;65;14287
2;5;54;9679
2;5;43;9011
3;3;67;10408
2;11;46;8535
1;17;33;5396
3;7;83;14339
2;17;39;7247
3;10;56;11551
2;6;45;8320
3;11;70;11699
3;9;70;10486
2;19;50;9067
2;12;54;8641
3;12;74;11921
1;1;27;5597
2;14;53;6382
2;5;50;8292
3;7;76;13252
2;7;43;8944
2;6;40;6637
3;4;55;10552
3;3;54;10114
2;18;39;6199
2;3;43;10032
1;15;33;5468
1;14;29;5101
1;0;28;6238
2;10;44;6159
2;19;52;7019
3;12;78;15461
2;3;41;7366
3;5;80;13724
1;2;33;6695
2;10;50;8565
1;9;29;5030
2;3;57;8708
3;8;54;9146
3;7;66;10243
2;3;44;7627
2;10;37;6872
2;6;50;8920
2;13;49;7741
2;11;54;10550
2;14;51;9655
3;12;68;10148
2;6;50;7607
2;8;46;8194
3;2;83;16476
3;6;64;11508
3;13;78;13010
3;6;59;11741
2;17;52;9688
2;9;51;9360
1;14;25;4146
1;8;23;4374
1;2;31;5935
3;19;55;9087
2;16;45;7899
1;19;24;4891
2;12;43;8352
1;8;31;5100
2;17;51;9148
2;13;46;9033
1;16;28;4553
2;4;53;9940
2;13;36;6856
2;18;50;6782
2;17;44;6183
2;16;43;4427
2;8;48;9829
1;7;29;5888
1;3;22;5088
2;15;44;8437
2;14;40;7544
3;16;79;13148
1;0;27;5571
2;4;41;7940
2;12;50;8127
2;8;44;7073
1;3;32;6245
1;8;29;5732
1;19;32;6156
2;9;38;6158
3;14;73;11034
2;1;58;12833
1;18;23;3923
2;9;42;8231
2;3;49;9547
3;11;76;14115
1;8;25;4427
1;10;29;5536
2;17;40;7279
1;14;29;4678
3;7;60;12886
2;15;44;7742
1;7;31;5128
3;18;77;12899
1;1;32;6946
3;3;58;11961
3;5;62;9601
1;19;21;3803
1;1;28;5881
3;11;80;13739
1;14;22;3609
1;15;31;5429
1;2;33;7052
2;2;57;10617
3;7;58;11142
2;1;41;8821
3;11;78;15358
3;14;55;10865
1;0;25;5963
2;1;58;11266
1;18;29;5134
1;11;35;6624
2;1;54;11070
1;5;31;6573
2;18;43;6059
3;18;72;14309
3;9;68;13161
3;15;58;9807
3;13;66;12088
1;11;25;4766
1;0;30;6774
3;13;76;13344
2;7;48;9233
3;8;59;9239
2;1;54;9956
2;12;42;7173
3;5;55;10341
1;3;33;6566
1;18;23;3473
3;3;78;13327
1;16;33;5823
1;9;30;5801
1;2;30;6166
1;16;24;4133
1;4;26;5433
1;4;26;5284
3;6;72;13638
2;10;40;6192
3;18;67;11155
2;5;46;8996
1;13;29;5484
2;17;43;7454
2;10;48;8028
2;19;44;9721
2;6;40;6381
1;10;21;3623
2;1;48;9092
3;18;79;12181
3;11;71;11612
3;11;56;10247
1;2;24;4232
3;11;60;10621
1;3;30;6972
1;19;28;4659
3;7;52;8106
1;10;30;6387
2;15;46;6593
3;9;82;13181
1;14;32;5571
2;19;52;8992
1;14;31;5838
1;4;25;5986
3;0;66;14211
2;2;40;8800
1;6;29;5203
3;15;67;10746
2;8;45;8789
1;10;29;5473
1;14;27;5666
1;7;22;4922
1;14;23;4472
1;12;22;4387
3;13;69;11501
3;18;81;13845
3;10;58;8307
3;13;65;10494
2;12;38;6942
3;12;76;14745
3;17;63;10624
3;2;72;14075
2;10;46;9168
3;2;54;11579
2;19;42;6891
2;0;50;9698
3;1;82;14670
2;19;50;7326
2;13;43;7685
1;13;29;5247
2;19;39;6968
1;3;25;5006
2;4;43;6169
2;8;44;8785
3;5;60;8909
2;0;57;11488
3;9;60;10254
2;3;44;8952
1;4;29;6113
1;14;31;6394
3;11;69;14238
3;4;51;8330
1;17;27;4268
3;4;60;10658
3;4;57;10945
2;4;46;8491
2;9;42;8262
1;3;29;6146
1;17;29;5047
2;9;58;9598
2;9;41;8749
2;7;50;10768
2;9;39;7992
1;16;26;4858
1;2;26;5490
1;4;28;5986
3;17;66;13179
1;7;30;5397
2;13;52;10082
3;8;53;9611
2;11;53;9235
2;11;42;7904
2;6;55;10453
1;2;27;6448
3;2;63;11110
3;16;58;8333
3;2;71;13703
2;3;49;9803
2;7;56;8313
1;10;33;6095
1;15;31;5367
3;8;56;10228
3;14;61;9944
2;16;56;9680
2;17;52;9418
2;18;47;8869
2;18;53;10228
2;11;43;7365
1;11;29;5435
2;4;59;10800
2;1;51;9578
1;16;30;5243
3;11;62;12879
3;10;67;11368
1;0;28;5891
3;13;68;11067
1;14;33;4738
1;13;29;5007
3;11;75;14038
3;15;68;12501
2;18;44;7539
1;3;27;5131
1;9;32;6790
1;17;33;5368
3;10;69;13481
1;7;33;6249
1;6;29;6524
3;7;70;10536
3;4;83;13957
1;18;30;5888
1;8;32;5511
2;0;55;11008
3;8;72;10273
3;5;74;14058
1;13;28;4758
1;1;27;5334
3;7;68;11939
3;16;57;7693
1;19;29;4629
3;19;52;8631
3;3;77;14880
3;6;63;11947
3;4;55;9501
3;5;63;11473
1;18;28;3852
1;10;26;5086
1;13;29;3941
1;17;33;5779
3;5;79;12921
1;1;30;6711
1;17;27;4420
2;17;47;8087
2;6;46;6928
3;8;69;11742
2;6;54;9787
3;1;67;13187
1;6;27;5242
3;4;76;12966
2;7;50;8516
1;17;28;5020
1;19;30;5243
1;13;26;4037
2;18;51;8864
1;17;22;4293
1;4;31;6070
2;19;52;10051
1;10;32;5603
3;9;63;10458
3;4;65;10187
3;5;61;11591
3;16;71;10976
2;1;41;7122
3;0;55;8483
2;17;53;8774
1;18;21;3396
2;4;44;8830
1;2;28;6362
2;19;51;8735
1;8;32;5597
2;14;38;6479
1;6;27;6223
1;10;32;6625
2;16;47;6722
3;1;71;11080
1;3;23;4565
3;16;63;11838
3;5;66;10162
1;1;24;5016
1;8;33;6719
2;18;43;7840
2;5;45;10215
3;12;58;11576
3;19;64;11672
1;17;27;4823
3;0;81;14172
1;12;32;5299
3;11;67;10089
1;10;23;3947
1;10;25;4864
3;11;68;9508
2;18;49;9141
3;18;71;14246
2;17;55;7440
3;16;68;10914
3;19;79;13586
1;6;30;6135
1;3;28;5961
1;11;28;4967
2;9;51;9930
1;1;24;5974
1;7;27;5898
3;3;62;11111
3;9;69;13257
3;14;54;9182
1;14;31;6356
3;2;56;9844
1;19;30;5307
3;3;68;11108
2;18;51;9315
2;18;56;9365
1;16;26;5023
3;14;57;10223
3;5;82;12904
1;17;26;5533
3;0;71;13207
1;16;29;4601
2;2;46;9015
1;10;29;5483
2;9;42;8214
3;17;80;13036
2;1;51;9836
1;9;33;7097
1;13;23;4853
2;6;42;7466
3;2;51;8429
2;14;38;6989
3;14;55;11235
3;3;56;8738
2;4;40;6712
1;3;26;3986
2;10;43;7974
2;4;41;8532
2;6;52;9906
2;3;39;8227
2;1;49;8145
2;11;40;7516
1;11;31;6089
2;4;40;8212
2;4;53;10954
2;9;39;7084
2;7;42;7082
2;10;49;8256
1;14;30;4905
3;5;56;9407
2;10;41;7220
1;7;35;7527
1;18;33;5674
2;1;43;8918
2;10;43;6827
1;10;32;6634
1;17;24;4839
1;13;27;5360
1;8;31;5627
1;5;31;6367
1;13;32;5989
2;13;51;9025
2;11;55;9344
1;19;24;5026
2;11;53;9656
2;12;47;7007
2;5;56;9440
1;18;24;4052
2;15;51;9634
3;10;65;10874
1;2;34;7610
3;5;56;9767
1;3;25;5671
3;5;57;9035
3;2;59;11601
2;4;50;9075
2;16;52;8098
2;10;39;6828
2;15;56;9804
2;7;59;12255
2;16;47;6908
2;8;59;11012
2;4;48;9469
3;4;74;12505
2;3;46;9795
3;10;56;8256
1;17;32;4921
2;5;42;9336
2;11;46;9355
3;14;75;11065
3;5;74;12050
3;19;64;9594
3;13;77;13288
1;16;26;5169
2;1;49;9154
1;12;22;4845
3;9;63;11784
3;15;62;10993
3;4;69;11173
1;13;29;5353
1;14;30;5798
2;17;40;6460
1;11;28;5044
3;18;76;13811
3;1;63;11611
3;6;68;13064
3;13;62;11140
3;13;72;11541
2;13;41;7803
3;8;78;10970
3;11;75;11425
2;3;44;9072
1;11;31;6321
2;8;47;9303
3;7;66;12632
3;18;55;9464
3;0;77;17482
3;3;56;10717
3;5;70;14637
3;7;67;13666
3;5;54;10855
3;17;72;11941
2;19;48;6065
2;1;41;8714
2;1;50;10861
3;9;62;10064
1;2;34;7205
1;11;31;5314
1;4;27;5716
2;12;46;7859
1;8;33;6177
3;1;54;9878
3;15;72;11067
2;14;56;8506
2;0;45;8321
1;0;28;5905
3;16;83;14474
2;2;46;10974
3;10;70;10421
1;4;23;5010
2;18;48;7392
3;4;63;12716
1;7;33;5636
2;5;53;7732
1;3;27;6182
3;17;80;15470
2;7;44;8607
1;18;25;4592
1;11;25;4919
2;9;51;9732
1;3;34;5963
2;6;48;8900
2;12;41;7495
2;4;45;8218
2;6;46;8498
2;3;55;11981
1;16;27;5103
3;2;78;14130
2;18;42;8037
1;7;32;7324
3;19;80;12777
3;10;71;15356
3;2;73;15112
3;2;52;9172
2;15;48;8206
1;18;24;4197
1;16;24;4282
1;14;29;4806
2;6;46;7932
1;16;25;4515
2;10;44;6852
2;17;37;7273
1;5;26;5603
2;16;39;7253
2;7;40;7121
2;4;53;8725
3;13;72;9383
1;16;31;5523
1;16;32;5330
2;12;43;7800
3;0;73;14256
2;4;51;9665
1;15;27;5051
1;8;32;6125
3;11;76;12223
3;2;83;15798
1;11;28;5665
3;7;63;12106
3;2;71;14440
1;13;32;5877
1;9;23;4577
2;14;44;7614
2;12;50;10036
1;18;33;5165
1;5;30;6948
1;15;26;4503
1;4;28;5696
1;16;26;4683
3;19;67;13479
1;3;29;5449
1;9;32;5318
2;15;43;7141
2;0;53;10428
1;12;21;4429
2;11;46;9084
1;5;33;6614
3;6;54;11092
2;10;45;7704
1;7;22;4733
1;3;24;4955
3;19;78;12409
2;1;57;10843
1;6;29;6079
2;13;50;9551
2;1;38;6692
2;3;51;10254
3;13;64;10527
2;4;50;9238
3;15;76;14240
1;8;24;4914
1;15;23;4068
2;19;53;8576
1;19;28;4630
2;19;40;6263
1;17;24;3428
2;13;55;10902
1;11;31;5047
1;12;21;4631
1;6;35;7481
3;12;67;11843
1;18;33;5363
1;8;31;6018
3;11;77;11596
1;15;27;4712
3;18;73;10887
1;13;31;4920
2;5;41;8435
1;1;22;4891
3;19;64;8962
1;15;34;5288
3;17;63;10853
1;4;23;5314
3;7;78;11966
1;18;24;4025
2;13;46;6805
1;8;26;5229
2;13;49;7596
3;3;74;13110
1;18;33;4926
2;19;43;7330
3;18;61;7995
2;5;42;7796
2;1;55;9708
3;2;57;11189
1;9;28;5782
2;11;54;9841
2;1;38;6901
3;15;75;12343
3;10;56;10538
1;1;24;5363
3;19;83;15088
3;2;59;12448
2;8;59;9199
3;18;59;11402
3;14;79;14716
1;6;31;5981
1;7;24;5169
2;19;57;9128
3;1;56;10015
2;10;56;12048
1;17;25;4775
3;3;73;15655
3;18;63;10147
1;7;30;7210
2;14;39;6594
3;1;79;16918
2;15;50;6554
2;15;57;8619
2;17;52;9701
3;4;72;12787
2;8;38;7331
2;4;54;9116
2;5;53;9133
2;12;54;8898
2;2;36;7699
3;4;79;16198
1;14;22;3869
2;2;58;11290
2;8;45;9471
1;1;26;5740
3;12;68;12750
1;2;26;5309
2;11;48;8715
2;11;52;10866
1;5;22;4284
2;12;37;7284
3;2;61;12670
2;13;44;9146
2;7;44;7566
2;1;41;8204
1;13;29;5208
1;3;23;4536
2;12;54;7810
3;6;68;11423
3;9;81;15470
1;9;35;6629
1;11;25;3881
3;14;60;9958
1;17;30;6167
2;19;48;8393
2;1;52;10303
2;8;44;7980
1;10;27;4974
1;11;25;4719
2;3;42;6947
1;18;35;6400
3;10;69;13417
1;9;24;4693
2;2;53;10886
1;18;32;5445
2;4;47;9006
1;16;27;5759
1;12;22;4330
2;1;52;9849
3;1;56;10410
3;10;54;9639
3;5;77;13064
2;4;56;10961
1;2;29;6665
2;13;46;9211
1;11;26;4024
2;4;40;8573
1;10;25;3969
1;0;25;5817
2;19;57;7497
2;2;43;9419
2;6;54;8869
1;17;24;5065
2;14;44;7411
3;4;57;8945
2;1;53;9639
2;9;55;9997
1;4;27;5584
3;6;66;11462
2;8;40;8854
1;8;25;4688
1;5;24;5022
1;19;25;3768
3;5;59;12154
2;0;51;9756
2;7;53;7983
2;1;45;8208
2;12;40;6524
3;11;57;8703
2;6;49;8507
1;6;28;6126
1;10;24;3961
2;12;40;6864
2;16;56;8773
2;5;52;9107
3;14;66;11806
3;6;51;9294
3;9;77;13678
2;2;52;11561
3;4;61;10814
2;11;47;8882
2;9;54;9604
1;5;27;5509
3;18;58;10211
1;16;34;6416
3;8;62;10777
3;5;60;11033
1;8;22;4603
1;5;28;5866
2;10;56;8768
3;4;54;10652
2;2;52;9553
2;8;37;6286
2;6;49;6839
3;7;82;13642
1;17;29;5139
1;11;26;4657
3;6;61;10025
3;11;63;10799
2;18;46;7348
1;9;23;4287
3;14;80;13050
1;10;33;6427
3;17;68;11229
2;5;46;9030
3;11;63;9640
2;7;49;8909
3;0;79;16967
2;9;36;6420
2;1;48;10116
2;10;41;7953
2;15;57;10360
3;1;78;14023
3;19;60;11058
1;0;30;6291
2;9;40;6304
3;19;68;10672
1;11;26;4808
3;18;73;11801
3;17;80;15931
3;6;69;13771
1;16;31;5863
2;14;51;8494
3;9;74;12869
3;4;80;14499
1;2;26;5039
3;15;80;14371
3;8;63;9022
1;13;27;4507
2;19;41;6137
1;14;29;4836
3;1;61;13875
1;7;33;6031
3;8;65;10186
1;11;32;6240
2;13;45;9133
1;8;29;4861
1;0;27;6010
2;0;44;7243
3;12;72;14738
3;19;51;8705
2;7;48;9468
1;10;26;4265
3;3;81;12341
1;17;32;4902
2;5;51;8423
2;8;47;7866
2;13;42;7196
3;2;77;13855
1;4;23;5405
2;4;41;7382
2;3;51;10069
1;18;30;6884
3;12;55;9596
2;14;56;7536
2;14;39;6912
3;14;63;10649
1;4;24;5382
2;4;53;10776
3;16;56;11041
3;3;71;13819
3;17;82;13086
3;16;76;11821
2;16;59;10910
3;5;79;13000
2;14;40;6938
1;5;24;5172
1;18;32;5293
1;2;22;5213
1;12;22;4198
2;4;45;6393
2;10;44;8641
1;19;27;5081
1;12;22;4999
3;10;71;12366
2;14;53;9731
1;9;32;5743
3;17;65;11336
2;13;40;6261
1;3;27;4974
3;4;73;14615
2;0;39;8800
1;9;31;5855
2;11;39;6395
3;19;79;10901
2;16;46;7005
3;19;74;11715
2;6;55;8921
2;8;56;10269
3;8;59;11246
2;1;58;12033
3;3;75;13606
2;5;38;7605
1;15;21;3849
3;15;60;8856
2;2;56;10019
2;14;46;8572
3;16;68;10177
1;19;28;4928
2;9;49;9623
3;18;69;10936
3;2;67;12546
2;8;46;7394
3;0;82;16551
3;8;74;11353
1;8;32;6324
3;4;59;10067
1;11;35;6254
2;9;56;8900
3;3;60;11690
2;12;43;7882
1;15;26;4551
2;19;51;8713
1;11;27;4841
2;6;51;6850
3;7;77;17109
3;16;74;12004
2;15;42;6980
3;9;67;9731
3;16;72;9292
2;11;44;9679
2;6;42;7673
2;2;42;8002
3;4;78;13452
3;10;61;11628
1;14;34;6544
2;4;57;11861
2;13;55;6503
2;3;39;7458
1;8;29;5600
1;2;27;5882
3;3;79;14152
3;8;79;13425
1;13;31;6227
3;4;53;10949
2;7;44;8282
1;13;34;6295
3;19;80;16375
3;0;69;13376
3;1;55;10193
2;14;44;7473
1;1;34;5851
2;7;48;9202
2;4;48;8958
3;14;77;12444
1;12;30;6012
3;13;62;10361
2;1;43;9375
2;11;47;7997
2;13;50;5813
1;19;27;4902
1;6;29;6488
2;6;39;7942
1;18;23;3481
1;0;30;6245
3;6;68;13109
1;16;30;4361
1;18;28;4240
3;9;63;11218
1;7;22;4807
3;19;56;8915
2;17;52;9734
2;18;41;7941
3;4;71;12698
3;10;80;13686
2;2;50;9353
2;14;47;7680
2;11;48;10005
1;2;28;5898
1;6;33;6685
1;9;26;5476
1;6;24;5667
1;19;25;4221
1;19;33;5930
3;0;68;11997
3;14;70;14159
1;9;24;4264
3;18;71;12107
1;15;30;5180
3;13;66;8701
1;14;24;3979
1;19;27;5270
2;12;48;10043
2;12;36;5919
2;16;46;7638
2;18;43;8932
2;0;53;11281
1;3;32;5312
3;2;62;12152
2;4;53;9774
1;12;25;3988
1;17;25;4089
2;2;56;10583
3;2;73;15930
1;9;31;5715
3;10;60;11583
1;19;29;5389
3;15;78;11267
1;19;26;4376
3;2;55;9491
3;8;69;12989
2;15;40;8194
1;16;25;3624
1;6;27;5774
2;1;38;8033
3;9;71;13003
3;11;62;11848
2;10;41;7255
3;1;75;15332
3;19;80;14236
1;12;25;3887
3;0;62;11901
3;18;78;12911
1;12;30;5538
1;7;24;4256
3;10;51;8962
3;19;58;9636
3;7;79;12824
1;17;27;4969
1;12;30;4443
1;7;29;5647
2;0;46;8132
3;18;60;11761
2;5;46;10367
2;0;36;7887
1;15;27;5470
3;19;58;10710
1;11;29;6038
2;14;56;9223
1;17;28;4309
2;1;42;9053
2;5;47;9207
1;9;31;5708
3;9;76;12126
2;5;49;9309
3;8;63;11189
2;14;55;9316
2;3;36;6824
1;3;31;5821
2;12;54;10008
2;7;55;9887
3;0;68;14770
3;7;78;12222
1;1;24;5361
2;12;38;6434
3;1;62;11997
2;13;58;10018
2;12;41;6439
3;5;66;10467
3;9;56;10743
3;16;74;11922
3;1;76;11745
3;7;63;11079
3;0;69;12608
3;16;52;9084
1;19;30;3919
2;18;55;8925
2;19;47;7065
3;5;53;9982
3;5;80;14680
3;0;78;11988
1;13;25;5248
2;8;43;7364
2;18;44;7054
2;5;55;9957
2;9;54;7345
3;12;64;10067
1;7;31;6492
2;7;47;9188
1;9;27;4916
2;11;50;8782
1;10;28;5603
2;9;40;6736
1;15;25;4233
1;4;26;6526
3;14;56;8803
2;17;49;8735
2;11;51;8098
3;5;67;11622
1;4;26;5763
1;18;29;4902
1;18;30;5303
3;18;66;9855
2;8;52;10927
3;10;61;8716
1;18;30;5557
3;9;58;9181
1;15;26;3859
2;8;48;9456
3;18;57;10686
1;6;30;6207
1;8;27;5548
1;17;26;3811
2;15;57;9585
1;14;31;5627
1;9;30;6154
2;14;41;7085
1;17;27;5942
1;6;26;5120
3;15;62;12220
1;16;27;4851
3;10;60;9655
1;1;28;5942
3;4;55;10524
2;3;52;9390
2;17;50;8981
3;6;63;10355
3;8;73;13807
1;10;26;3691
3;11;70;12866
1;18;31;4225
1;17;32;5435
1;7;26;4937
2;17;41;8116
3;14;64;12018
2;6;47;7407
3;4;77;10992
3;5;78;10321
3;18;54;8116
2;0;43;8365
2;10;40;7376
2;18;55;8477
1;17;34;5197
3;9;71;15136
3;0;54;12527
1;17;24;3860
1;6;30;5064
3;4;57;11497
3;4;83;13642
2;9;42;9644
2;7;52;10140
3;7;65;9656
3;10;59;12464
1;5;31;5696
2;9;45;9028
2;14;41;7900
1;8;23;5273
2;4;47;8611
3;15;72;13448
2;14;52;7742
2;4;43;8208
1;16;27;4998
2;9;41;7490
1;18;26;4211
1;10;22;4599
3;15;78;12096
2;15;45;7473
3;5;72;10251
3;5;73;14264
1;11;31;5938
3;19;67;10938
1;9;35;7450
2;9;49;8933
1;18;34;5223
2;5;49;7927
1;10;31;6819
1;17;26;4806
3;7;55;9348
3;18;75;12656
3;6;73;15754
1;5;31;6789
3;9;74;13595
1;11;28;5128
2;17;55;11219
3;11;67;11278
1;17;29;5154
2;15;38;6613
1;5;26;4714
3;10;62;11419
2;16;36;5951
3;10;67;10098
2;6;52;8556
2;8;47;7981
3;4;63;14029
3;15;67;11782
3;6;56;9566
1;3;30;6431
3;8;75;12007
3;12;68;12606
1;9;25;5038
1;4;23;4603
1;13;31;4750
3;13;55;10939
3;3;55;9963
2;1;47;9407
3;6;65;12733
3;10;59;12107
1;11;24;4349
2;9;51;8518
2;12;56;9667
3;18;69;12380
3;14;71;12389
2;3;43;8763
3;14;70;11324
3;15;76;13233
3;5;61;10994
1;4;32;6282
2;13;40;7131
1;6;35;7343
2;13;56;8404
3;9;51;8144
3;12;68;12344
2;17;56;11218
3;15;73;13371
3;8;71;11864
2;10;48;8666
1;2;33;6745
2;0;40;7516
1;13;30;4937
3;11;69;11156
3;19;67;12393
3;13;80;15768
3;16;66;9808
1;18;26;4562
2;14;51;8920
3;5;76;11989
2;9;39;8027
2;9;42;8477
1;7;28;6072
1;10;30;5848
2;17;50;8334
1;12;26;4339
3;19;69;9814
1;0;28;5951
1;9;34;5206
3;15;60;11882
2;0;54;11850
3;18;53;7950
2;18;39;6112
1;12;27;4469
1;9;28;4566
2;11;52;10352
2;0;53;9061
1;11;27;5384
1;8;30;6084
1;4;31;6942
3;0;68;12931
2;8;42;9285
3;10;71;13672
2;10;36;7082
2;7;44;8682
1;8;22;4797
3;2;78;14917
2;15;39;6469
3;11;63;11969
1;1;28;6892
2;7;47;9044
1;9;26;4470
1;11;31;6688
1;17;25;4451
3;8;68;12191
3;14;79;11861
2;11;40;7493
1;5;25;6242
2;17;43;8143
2;12;39;5240
3;15;79;12562
1;16;32;5425
3;1;67;9813
1;5;26;5079
2;12;46;7512
3;17;80;13822
1;2;26;5085
3;12;53;10645
2;9;42;6615
1;8;24;5073
1;3;32;6917
1;5;30;5749
2;2;47;9771
2;5;40;8338
3;14;65;10489
2;5;44;8209
1;14;30;5235
3;7;53;9083
2;2;42;7895
1;16;29;5279
1;9;30;5004
2;17;40;6402
3;14;61;10761
3;1;54;11829
1;19;29;4897
1;4;23;5064
3;1;65;9873
2;11;58;8317
3;15;69;12676
2;7;45;8550
1;6;27;5975
3;5;72;10144
1;14;31;5878
1;17;26;5315
1;12;35;5919
1;13;31;5476
1;19;30;4689
2;3;41;7820
1;15;28;3945
2;7;49;7687
3;14;77;12768
2;0;38;6643
1;8;28;5363
3;11;70;10124
1;1;32;6353
2;3;39;6233
2;6;40;7862
3;5;70;12090
1;3;25;5751
3;1;64;12670
3;17;60;9618
2;4;47;6990
2;7;50;8532
3;6;74;12757
1;7;33;5827
2;11;51;8733
1;10;27;4942
3;6;72;12347
3;6;75;10855
2;13;43;8703
2;3;55;10126
1;18;23;3663
1;13;29;5720
2;4;40;7395
1;18;31;5080
2;10;40;7908
3;8;77;13009
3;4;63;10328
3;15;71;9875
2;1;48;8774
3;0;60;11051
3;4;77;14062
2;7;41;8181
1;0;26;5833
2;3;52;10407
3;17;72;11647
3;8;61;11360
3;18;57;10197
2;13;44;8830
2;12;47;8283
3;2;79;14924
3;3;69;11763
2;9;55;8262
3;12;59;11537
1;18;27;4258
3;12;65;12298
1;10;30;6052
2;14;50;8965
1;6;33;7356
3;11;67;11847
1;5;29;5582
2;10;53;8730
2;13;50;8457
2;0;55;9091
2;14;48;7847
1;14;26;4592
1;6;25;4536
2;9;55;10577
1;8;24;4462
3;13;55;9972
2;7;45;7135
1;15;23;4037
2;13;47;7923
1;5;26;5179
2;3;52;9003
2;19;52;8843
3;17;63;12681
3;12;61;10568
2;8;45;9768
3;7;65;12983
2;13;53;9144
3;19;65;12182
1;1;23;5574
1;2;28;5544
3;16;69;9926
3;11;70;12360
1;10;25;5467
1;13;23;4114
2;2;57;10553
1;15;33;6184
3;11;55;10098
3;1;77;12967
3;4;67;11274
3;2;58;11502
2;11;54;9597
2;8;55;10969
3;8;70;11929
3;0;62;11068
2;3;55;11535
3;7;68;10672
1;7;29;6542
3;14;79;14277
2;13;48;7002
3;11;73;12152
2;0;47;8367
2;13;45;6850
1;14;31;5432
1;0;27;5448
2;11;59;11359
2;15;47;6516
1;17;29;5142
3;8;55;9588
3;16;58;8529
3;16;80;12426
2;5;56;10169
2;14;47;9518
1;9;27;5180
2;12;38;6891
3;0;65;12458
1;16;33;5516
2;13;50;10054
2;4;41;8615
2;1;45;8460
2;17;52;8437
2;12;53;9942
3;16;67;10354
3;11;76;11956
3;12;63;12881
3;2;77;13862
3;11;65;12757
1;1;29;6481
1;17;35;6793
2;15;49;7996
2;17;45;6112
3;3;62;13431
1;11;25;4694
1;18;23;3864
2;18;39;6572
2;3;55;10720
2;13;41;8655
1;16;26;3782
1;11;26;5078
2;5;38;7326
1;10;21;4172
2;5;58;9065
2;16;38;6278
3;13;72;12524
1;1;30;7194
2;16;36;5680
2;2;50;9526
1;11;31;5243
1;13;35;6987
3;0;57;11435
3;18;65;13197
2;2;54;11420
3;15;78;13533
1;0;29;6489
2;18;47;7487
2;16;46;7415
2;5;45;8799
2;1;54;11156
3;17;60;10011
2;10;42;8344
1;18;25;4274
3;15;75;13843
2;7;40;6599
3;8;58;9432
1;7;27;5593
1;19;24;4494
2;2;54;9245
2;4;40;7371
3;8;82;12708
3;18;78;10631
1;3;31;6854
3;14;79;12657
2;10;36;7344
1;8;26;5246
1;18;28;4925
2;5;44;7586
2;16;45;8294
1;0;30;5936
3;12;53;11211
2;13;56;9620
1;8;31;5108
1;17;34;5972
3;11;70;12249
1;15;25;3799
1;10;23;3951
1;19;24;3781
2;10;42;7495
2;0;46;7317
1;2;32;6209
1;4;23;4705
2;18;49;8399
1;7;24;4184
1;5;28;6730
3;2;69;13631
3;16;56;9199
3;9;56;10960
2;16;57;9718
2;6;40;6989
2;11;57;8960
2;15;51;9110
2;6;57;9498
3;14;77;14694
1;6;27;5397
3;3;55;10594
1;6;26;5596
2;13;48;7930
1;6;23;4854
1;8;33;6559
1;16;24;4092
3;2;65;11911
2;16;53;7997
1;0;22;5404
3;8;52;8592
3;1;74;13663
1;10;32;6960
3;2;52;9257
1;16;29;4450
1;6;31;5431
3;14;54;9929
2;6;44;9180
2;18;43;5941
1;2;27;5381
3;18;62;10747
1;13;26;5362
3;0;59;10631
3;18;74;11846
1;14;25;3551
1;2;26;5822
2;0;49;8269
2;3;38;6310
1;5;31;6161
2;16;38;6734
2;15;45;8154
2;1;56;10938
3;11;67;11877
1;0;30;7204
2;15;49;7762
1;19;27;4456
2;1;52;9981
2;5;42;9146
1;0;29;6762
2;18;54;10936
2;10;51;8430
1;6;27;6103
1;14;30;5294
2;10;56;10193
1;8;24;4222
1;11;30;4847
3;2;58;10193
1;5;23;4825
3;18;66;9882
1;3;32;6693
3;6;71;12667
1;17;25;4597
2;16;42;7782
1;18;29;5026
1;13;31;5275
1;18;31;5484
1;7;30;5816
1;2;22;5302
2;14;46;7841
1;16;28;3851
1;5;24;5405
2;8;58;8643
3;4;69;13030
1;14;27;5135
2;15;42;6989
1;17;30;5339
3;2;57;10101
1;16;29;5341
1;11;28;5948
2;5;41;6835
1;1;25;5670
3;14;68;11631
2;13;44;9088
3;11;62;10474
2;16;51;10307
3;1;74;13719
1;15;29;5616
3;11;73;11712
2;1;39;7411
1;4;31;5929
3;16;71;12465
1;4;23;3938
1;1;27;5823
3;0;80;13870
1;19;33;5117
1;14;29;5009
3;12;59;10577
1;8;30;6066
2;0;49;10060
2;2;38;6531
1;9;27;4720
2;8;46;7958
3;8;56;10931
2;16;51;8029
1;12;22;4804
1;2;28;6275
2;3;45;7675
2;17;56;9498
3;13;74;13750
1;11;25;4737
2;15;49;6845
1;10;26;5427
3;10;55;9327
3;7;70;13083
1;17;27;3738
2;4;50;8152
2;12;38;6288
1;3;30;6104
2;10;40;6896
1;8;33;5956
1;17;26;4324
1;6;32;5823
2;9;51;10349
1;15;29;4952
3;19;78;11288
2;2;46;8648
3;2;63;11592
2;0;41;8313
3;14;60;7017
2;15;57;11472
3;16;59;8360
1;1;34;5810
1;7;29;5351
3;14;67;11864
3;2;70;11976
2;9;54;8421
2;2;43;8678
1;11;31;5846
3;5;76;15130
2;6;47;9347
2;4;53;10276
3;17;80;11540
1;5;29;6521
2;17;38;5580
2;9;40;6627
1;0;24;5580
2;18;45;5582
2;18;56;9525
3;4;52;8390
3;7;54;9326
3;0;73;15459
3;18;81;13315
2;1;43;8324
2;13;51;8927
3;13;75;10705
1;5;30;6380
3;19;75;15361
1;7;32;5870
2;2;56;10823
2;17;55;7872
1;0;30;6283
2;15;55;9542
1;9;34;6456
3;18;64;11140
2;2;53;10052
3;13;78;10891
1;4;26;5641
3;16;56;11416
1;16;24;3974
1;17;26;4008
3;5;64;10172
3;8;77;14024
3;6;55;10097
2;4;50;9959
2;15;40;5867
1;8;28;4887
2;17;57;8817
1;7;30;5661
3;7;72;11937
1;13;26;4652
3;5;55;10440
2;14;50;9686
2;4;42;8816
3;16;57;11787
1;4;30;5973
3;3;58;10191
2;5;41;6654
3;8;69;11137
1;10;23;4799
2;2;47;7710
1;19;31;4658
3;9;76;12051
1;12;32;5520
2;8;47;8494
2;3;50;10036
2;5;46;7373
2;18;38;5155
3;9;77;13302
1;7;30;4910
1;2;31;7471
1;16;24;3903
3;8;64;10534
3;12;79;12732
3;18;71;14206
1;10;21;4415
3;19;60;10273
3;5;83;13440
2;5;51;8815
3;17;77;12148
1;18;32;4541
2;4;49;9446
2;9;41;7395
2;0;44;8612
1;13;28;5544
3;11;74;15001
2;19;47;6747
1;14;24;4627
3;18;66;12457
2;4;45;7664
1;16;31;6173
1;2;25;5197
3;5;55;9506
2;1;51;9274
3;9;64;10942
1;18;26;4064
2;1;48;7402
2;0;50;10385
2;19;52;9894
3;13;60;10074
1;8;35;6273
1;13;27;4794
3;14;56;9284
3;10;61;10439
1;12;28;5947
3;2;80;15703
1;1;24;5023
1;3;22;4767
3;7;72;12043
3;19;65;9849
1;17;27;3886
1;17;32;4763
2;18;41;7039
2;1;44;9692
2;16;48;7806
2;7;53;9153
1;18;27;4913
2;9;48;7551
1;5;25;4397
3;17;58;9634
1;0;28;5940
1;4;32;6314
1;7;23;5143
1;6;27;5311
2;15;47;7770
3;3;66;11852
3;4;54;10900
1;19;28;5271
3;16;69;12097
3;9;76;12896
3;4;72;8652
2;8;53;9091
3;14;67;10159
1;14;28;4597
1;6;34;7333
2;14;59;8728
2;16;41;7033
1;8;30;6098
1;13;29;4914
3;15;54;8320
2;12;38;7633
1;11;29;4777
2;8;45;7958
2;2;37;7419
1;0;23;5406
3;18;80;9963
3;10;70;12906
3;16;63;10281
2;16;56;10381
2;8;46;8884
2;9;50;10056
1;16;23;3961
3;10;64;11610
1;10;32;6340
3;0;53;9424
2;13;55;11701
1;11;26;5309
1;11;28;5432
2;7;50;9220
1;9;27;6317
2;9;44;8153
3;2;72;13312
1;19;29;4012
1;16;26;4525
2;11;36;7358
2;2;44;8740
1;5;34;5668
3;1;65;11306
3;8;58;7711
1;14;33;5884
3;16;72;13761
2;12;52;10036
3;19;78;11536
1;17;27;5359
3;4;77;13377
2;11;48;8878
1;4;21;4931
1;18;31;5481
3;11;72;15132
3;13;70;12343
3;0;83;14064
2;6;46;8468
2;4;45;7715
1;19;26;4913
3;3;78;14246
2;5;43;8987
1;19;23;4338
2;14;43;6587
2;0;57;11161
3;14;64;11179
1;0;31;6304
1;4;26;5499
2;13;42;7020
3;4;51;8498
1;14;25;4552
1;4;32;7616
1;17;27;4824
1;10;28;4727
2;12;55;8509
1;19;25;4337
2;2;39;7650
2;16;38;6597
1;7;26;5500
1;12;23;4364
1;8;30;5810
1;6;30;6549
1;18;26;4571
1;8;28;5512
2;9;43;7564
3;12;60;9854
3;13;74;12589
2;17;45;8225
2;19;48;7039
3;10;72;10512
3;3;51;9441
1;7;28;5209
1;7;34;5621
1;14;34;5167
1;3;26;5293
3;11;73;11637
1;18;32;4948
2;9;45;6737
3;14;71;10596
1;4;28;6844
3;17;55;8403
1;13;32;6912
3;2;71;12053
1;0;26;5505
3;17;80;15819
1;10;30;5389
2;5;43;8052
3;10;71;11355
2;11;40;7209
1;19;27;3743
2;0;46;10210
2;9;51;10599
2;1;45;7857
1;18;28;4911
3;6;82;13301
2;5;38;7101
3;4;60;10080
1;18;26;3506
1;8;29;5351
2;16;52;10125
1;7;28;5905
2;11;46;8984
2;19;39;6834
2;9;57;9161
1;13;28;4913
2;11;44;8157
3;7;75;13393
3;8;78;14951
3;17;74;14522
1;19;30;4473
3;16;59;8995
1;19;26;4295
2;10;56;9799
2;17;43;5675
3;6;69;13488
1;8;23;4254
3;13;68;10687
2;13;44;7666
1;16;31;5670
2;8;54;9408
2;10;56;9832
2;16;55;8138
3;0;82;15244
3;2;60;10479
2;16;44;6915
3;15;76;12999
2;3;52;9652
1;9;25;5357
3;11;53;10351
3;8;57;10408
2;19;46;8920
1;16;29;4993
2;9;46;7343
2;2;53;8917
2;16;50;10145
2;13;50;8413
1;14;35;5792
3;3;77;13290
2;2;42;7698
1;4;28;5361
2;5;52;10507
1;14;30;6036
3;2;74;13439
1;3;28;6107
2;9;55;9244
2;10;51;10560
1;15;32;5259
3;9;82;15693
3;16;63;12733
3;1;58;12897
2;14;50;8031
3;11;54;9598
3;14;67;11194
3;19;54;9537
3;0;57;10131
2;8;46;7446
3;6;78;14322
3;19;56;8466
1;11;32;5103
1;13;30;5793
3;14;74;13896
2;18;57;8813
1;5;33;6754
1;16;23;4319
3;0;82;14126
3;2;78;12943
2;1;58;8851
3;8;77;13291
1;3;33;6342
3;18;66;8778
2;2;45;9191
2;11;43;7721
1;1;23;4851
3;12;73;15329
1;16;33;5413
1;17;26;5414
2;3;50;8304
1;15;33;6645
3;6;63;11640
1;10;31;6889
1;12;29;5469
3;7;67;11520
3;5;62;11289
1;18;30;4873
1;2;33;8113
3;1;76;15464
3;16;69;11847
3;3;52;8953
3;18;79;11023
2;19;38;6588
1;9;25;5068
3;8;55;11057
1;18;21;3829
2;16;42;9275
2;3;51;11061
3;18;60;8086
2;13;57;9317
3;5;69;13604
1;3;34;7384
3;19;66;10940
1;10;29;5269
1;6;28;6260
2;18;53;9629
2;15;50;9257
2;2;51;9143
2;11;48;9410
2;6;52;9993
2;9;55;10347
3;13;57;9068
2;17;56;7942
2;3;51;9820
3;9;74;11752
3;4;76;13903
1;15;34;6536
1;0;29;6230
1;19;22;4071
1;6;34;7051
1;4;34;6747
3;1;59;10565
2;7;51;9160
2;17;45;7983
3;6;72;12274
1;19;25;4521
2;17;54;10351
1;8;27;5825
3;13;74;10674
3;16;60;11026
2;11;41;8536
1;5;30;5952
3;15;66;13343
2;6;49;9646
1;19;30;5077
3;2;74;12667
2;19;43;9181
1;4;27;6262
2;18;59;11192
2;0;52;8455
2;7;39;7082
1;2;27;4775
2;6;43;8823
1;0;29;7700
